multa_id,patente,fecha,hora,velocidad_registrada,velocidad_maxima,ubicacion,radar_id,estado_multa,exceso_velocidad_real,exceso_velocidad,imagen,patente_imagen,ratio
51,BB8986,2023-04-18,08:03,90.0,80,RUTA 9,R02,IMPAGA,10.0,6.0,urban_flow/data/raw/imgs/urban_flow_plates/7cbc7ee444622a66_patente.jpg,BB8986,100.0
497,BB8986,1932-01-01,14:16,150.0,80,AV SIEMPRE VIVA,R02,IMPAGA,70.0,66.0,urban_flow/data/raw/imgs/urban_flow_plates/7cbc7ee444622a66_patente.jpg,BB8986,100.0
636,BB8986,1932-01-01,00:00,101.0,60,RUTA 9,R03,ERROR,41.0,38.0,urban_flow/data/raw/imgs/urban_flow_plates/7cbc7ee444622a66_patente.jpg,BB8986,100.0
765,BB8986,1932-01-01,08:28,97.0,40,AV SIEMPRE VIVA,,IMPAGA,57.0,55.0,urban_flow/data/raw/imgs/urban_flow_plates/7cbc7ee444622a66_patente.jpg,BB8986,100.0
784,BB8986,1932-01-01,18:36,82.0,60,RUTA 9,R02,IMPAGA,22.0,19.0,urban_flow/data/raw/imgs/urban_flow_plates/7cbc7ee444622a66_patente.jpg,BB8986,100.0
882,BB8986,1932-01-01,14:32,124.0,80,AV LIBERTADOR,R01,APELADA,44.0,40.0,urban_flow/data/raw/imgs/urban_flow_plates/7cbc7ee444622a66_patente.jpg,BB8986,100.0
977,BB8986,2022-03-14,00:00,81.0,60,RUTA 9,R02,PAGADA,21.0,18.0,urban_flow/data/raw/imgs/urban_flow_plates/7cbc7ee444622a66_patente.jpg,BB8986,100.0
1149,BB8986,2020-03-05,00:00,73.0,60,RUTA 9,,ERROR,13.0,10.0,urban_flow/data/raw/imgs/urban_flow_plates/7cbc7ee444622a66_patente.jpg,BB8986,100.0
1203,BB8986,1932-01-01,00:00,104.0,60,AV LIBERTADOR,R01,APELADA,44.0,41.0,urban_flow/data/raw/imgs/urban_flow_plates/7cbc7ee444622a66_patente.jpg,BB8986,100.0
1437,BB8986,1932-01-01,00:00,102.0,80,AV LIBERTADOR,R03,PAGADA,22.0,18.0,urban_flow/data/raw/imgs/urban_flow_plates/7cbc7ee444622a66_patente.jpg,BB8986,100.0
1939,BB8986,1932-01-01,19:21,101.0,60,RUTA 9,,ERROR,41.0,38.0,urban_flow/data/raw/imgs/urban_flow_plates/7cbc7ee444622a66_patente.jpg,BB8986,100.0
1990,BB8986,1932-01-01,00:00,121.0,80,AV SIEMPRE VIVA,,ERROR,41.0,37.0,urban_flow/data/raw/imgs/urban_flow_plates/7cbc7ee444622a66_patente.jpg,BB8986,100.0
2107,BB8986,1932-01-01,00:00,91.0,80,RUTA 9,R02,APELADA,11.0,7.0,urban_flow/data/raw/imgs/urban_flow_plates/7cbc7ee444622a66_patente.jpg,BB8986,100.0
2170,BB8986,2023-05-07,09:29,97.0,80,AV LIBERTADOR,R02,APELADA,17.0,13.0,urban_flow/data/raw/imgs/urban_flow_plates/7cbc7ee444622a66_patente.jpg,BB8986,100.0
2492,BB8986,1932-01-01,19:47,115.0,40,RUTA 9,R01,ERROR,75.0,73.0,urban_flow/data/raw/imgs/urban_flow_plates/7cbc7ee444622a66_patente.jpg,BB8986,100.0
2607,BB8986,2022-05-25,00:00,127.0,80,AV LIBERTADOR,R03,ERROR,47.0,43.0,urban_flow/data/raw/imgs/urban_flow_plates/7cbc7ee444622a66_patente.jpg,BB8986,100.0
2756,BB8986,2024-01-01,15:37,104.0,40,AV LIBERTADOR,R03,PAGADA,64.0,62.0,urban_flow/data/raw/imgs/urban_flow_plates/7cbc7ee444622a66_patente.jpg,BB8986,100.0
2760,BB8986,1932-01-01,00:00,66.0,40,RUTA 9,,IMPAGA,26.0,24.0,urban_flow/data/raw/imgs/urban_flow_plates/7cbc7ee444622a66_patente.jpg,BB8986,100.0
2782,BB8986,1932-01-01,19:59,78.0,60,AV LIBERTADOR,,ERROR,18.0,15.0,urban_flow/data/raw/imgs/urban_flow_plates/7cbc7ee444622a66_patente.jpg,BB8986,100.0
2821,BB8986,1932-01-01,00:00,62.0,40,AV LIBERTADOR,R02,IMPAGA,22.0,20.0,urban_flow/data/raw/imgs/urban_flow_plates/7cbc7ee444622a66_patente.jpg,BB8986,100.0
2934,BB8986,2020-12-11,00:00,96.0,80,AV LIBERTADOR,R02,ERROR,16.0,12.0,urban_flow/data/raw/imgs/urban_flow_plates/7cbc7ee444622a66_patente.jpg,BB8986,100.0
3009,BB8986,1932-01-01,00:00,104.0,60,RUTA 9,R03,PAGADA,44.0,41.0,urban_flow/data/raw/imgs/urban_flow_plates/7cbc7ee444622a66_patente.jpg,BB8986,100.0
3221,BB8986,1932-01-01,20:18,81.0,60,AV LIBERTADOR,R02,APELADA,21.0,18.0,urban_flow/data/raw/imgs/urban_flow_plates/7cbc7ee444622a66_patente.jpg,BB8986,100.0
3270,BB8986,1932-01-01,00:00,94.0,40,RUTA 9,R02,APELADA,54.0,52.0,urban_flow/data/raw/imgs/urban_flow_plates/7cbc7ee444622a66_patente.jpg,BB8986,100.0
3783,BB8986,1932-01-01,16:16,64.0,60,AV SIEMPRE VIVA,R01,PAGADA,4.0,1.0,urban_flow/data/raw/imgs/urban_flow_plates/7cbc7ee444622a66_patente.jpg,BB8986,100.0
3968,BB8986,1932-01-01,00:00,91.0,40,AV SIEMPRE VIVA,R01,IMPAGA,51.0,49.0,urban_flow/data/raw/imgs/urban_flow_plates/7cbc7ee444622a66_patente.jpg,BB8986,100.0
155,691XC80,2024-01-03,00:00,116.0,80,RUTA 9,R01,PAGADA,36.0,32.0,urban_flow/data/raw/imgs/urban_flow_plates/5a122adbb1a776b7_patente.jpg,691XC80,100.0
380,691XC80,1932-01-01,00:00,103.0,80,AV LIBERTADOR,R01,APELADA,23.0,19.0,urban_flow/data/raw/imgs/urban_flow_plates/5a122adbb1a776b7_patente.jpg,691XC80,100.0
441,691XC80,2021-08-13,18:21,117.0,60,AV SIEMPRE VIVA,R01,ERROR,57.0,54.0,urban_flow/data/raw/imgs/urban_flow_plates/5a122adbb1a776b7_patente.jpg,691XC80,100.0
482,691XC80,1932-01-01,18:23,106.0,40,RUTA 9,R03,ERROR,66.0,64.0,urban_flow/data/raw/imgs/urban_flow_plates/5a122adbb1a776b7_patente.jpg,691XC80,100.0
486,691XC80,2020-05-20,18:23,92.0,60,AV SIEMPRE VIVA,R01,ERROR,32.0,29.0,urban_flow/data/raw/imgs/urban_flow_plates/5a122adbb1a776b7_patente.jpg,691XC80,100.0
506,691XC80,1932-01-01,14:16,53.0,40,AV LIBERTADOR,R01,PAGADA,13.0,11.0,urban_flow/data/raw/imgs/urban_flow_plates/5a122adbb1a776b7_patente.jpg,691XC80,100.0
909,691XC80,1932-01-01,08:34,117.0,80,AV LIBERTADOR,R02,IMPAGA,37.0,33.0,urban_flow/data/raw/imgs/urban_flow_plates/5a122adbb1a776b7_patente.jpg,691XC80,100.0
939,691XC80,1932-01-01,14:34,49.0,40,AV LIBERTADOR,,IMPAGA,9.0,7.0,urban_flow/data/raw/imgs/urban_flow_plates/5a122adbb1a776b7_patente.jpg,691XC80,100.0
1000,691XC80,1932-01-01,00:00,121.0,60,AV LIBERTADOR,R02,APELADA,61.0,58.0,urban_flow/data/raw/imgs/urban_flow_plates/5a122adbb1a776b7_patente.jpg,691XC80,100.0
1053,691XC80,1932-01-01,08:41,129.0,60,AV LIBERTADOR,R03,ERROR,69.0,66.0,urban_flow/data/raw/imgs/urban_flow_plates/5a122adbb1a776b7_patente.jpg,691XC80,100.0
1259,691XC80,2022-11-29,00:00,117.0,80,AV LIBERTADOR,,APELADA,37.0,33.0,urban_flow/data/raw/imgs/urban_flow_plates/5a122adbb1a776b7_patente.jpg,691XC80,100.0
1351,691XC80,1932-01-01,18:58,78.0,60,AV LIBERTADOR,,APELADA,18.0,15.0,urban_flow/data/raw/imgs/urban_flow_plates/5a122adbb1a776b7_patente.jpg,691XC80,100.0
1409,691XC80,1932-01-01,00:00,145.0,80,AV LIBERTADOR,R02,PAGADA,65.0,61.0,urban_flow/data/raw/imgs/urban_flow_plates/5a122adbb1a776b7_patente.jpg,691XC80,100.0
1528,691XC80,1932-01-01,09:03,105.0,60,AV SIEMPRE VIVA,R01,IMPAGA,45.0,42.0,urban_flow/data/raw/imgs/urban_flow_plates/5a122adbb1a776b7_patente.jpg,691XC80,100.0
1589,691XC80,1932-01-01,00:00,134.0,60,AV SIEMPRE VIVA,R02,PAGADA,74.0,71.0,urban_flow/data/raw/imgs/urban_flow_plates/5a122adbb1a776b7_patente.jpg,691XC80,100.0
2369,691XC80,1932-01-01,19:40,107.0,60,AV SIEMPRE VIVA,R01,ERROR,47.0,44.0,urban_flow/data/raw/imgs/urban_flow_plates/5a122adbb1a776b7_patente.jpg,691XC80,100.0
2383,691XC80,2023-05-19,00:00,67.0,60,AV LIBERTADOR,R01,APELADA,7.0,4.0,urban_flow/data/raw/imgs/urban_flow_plates/5a122adbb1a776b7_patente.jpg,691XC80,100.0
2504,691XC80,1932-01-01,09:43,114.0,40,RUTA 9,R01,IMPAGA,74.0,72.0,urban_flow/data/raw/imgs/urban_flow_plates/5a122adbb1a776b7_patente.jpg,691XC80,100.0
2560,691XC80,1932-01-01,15:31,115.0,60,AV LIBERTADOR,R01,PAGADA,55.0,52.0,urban_flow/data/raw/imgs/urban_flow_plates/5a122adbb1a776b7_patente.jpg,691XC80,100.0
2706,691XC80,1932-01-01,09:51,121.0,80,AV LIBERTADOR,R02,APELADA,41.0,37.0,urban_flow/data/raw/imgs/urban_flow_plates/5a122adbb1a776b7_patente.jpg,691XC80,100.0
2942,691XC80,1932-01-01,15:44,123.0,60,AV SIEMPRE VIVA,R01,APELADA,63.0,60.0,urban_flow/data/raw/imgs/urban_flow_plates/5a122adbb1a776b7_patente.jpg,691XC80,100.0
2957,691XC80,1932-01-01,00:00,135.0,60,AV LIBERTADOR,R02,PAGADA,75.0,72.0,urban_flow/data/raw/imgs/urban_flow_plates/5a122adbb1a776b7_patente.jpg,691XC80,100.0
2989,691XC80,1932-01-01,00:00,117.0,60,AV SIEMPRE VIVA,R01,PAGADA,57.0,54.0,urban_flow/data/raw/imgs/urban_flow_plates/5a122adbb1a776b7_patente.jpg,691XC80,100.0
3073,691XC80,1932-01-01,20:10,120.0,60,AV SIEMPRE VIVA,,ERROR,60.0,57.0,urban_flow/data/raw/imgs/urban_flow_plates/5a122adbb1a776b7_patente.jpg,691XC80,100.0
3190,691XC80,2020-08-16,00:00,118.0,80,RUTA 9,R03,IMPAGA,38.0,34.0,urban_flow/data/raw/imgs/urban_flow_plates/5a122adbb1a776b7_patente.jpg,691XC80,100.0
3347,691XC80,1932-01-01,15:57,51.0,40,RUTA 9,R01,IMPAGA,11.0,9.0,urban_flow/data/raw/imgs/urban_flow_plates/5a122adbb1a776b7_patente.jpg,691XC80,100.0
3807,691XC80,1932-01-01,16:17,128.0,80,AV LIBERTADOR,R01,PAGADA,48.0,44.0,urban_flow/data/raw/imgs/urban_flow_plates/5a122adbb1a776b7_patente.jpg,691XC80,100.0
3844,691XC80,1932-01-01,00:00,111.0,40,AV SIEMPRE VIVA,R02,APELADA,71.0,69.0,urban_flow/data/raw/imgs/urban_flow_plates/5a122adbb1a776b7_patente.jpg,691XC80,100.0
3900,691XC80,2023-12-30,10:39,75.0,40,RUTA 9,R03,IMPAGA,35.0,33.0,urban_flow/data/raw/imgs/urban_flow_plates/5a122adbb1a776b7_patente.jpg,691XC80,100.0
3938,691XC80,1932-01-01,10:41,64.0,40,AV LIBERTADOR,R03,IMPAGA,24.0,22.0,urban_flow/data/raw/imgs/urban_flow_plates/5a122adbb1a776b7_patente.jpg,691XC80,100.0
3946,691XC80,1932-01-01,00:00,45.0,40,AV SIEMPRE VIVA,R02,ERROR,5.0,3.0,urban_flow/data/raw/imgs/urban_flow_plates/5a122adbb1a776b7_patente.jpg,691XC80,100.0
231,AI7OVF,1932-01-01,14:07,108.0,60,AV LIBERTADOR,R03,APELADA,48.0,45.0,urban_flow/data/raw/imgs/urban_flow_plates/747b0f12f54703ee_patente.jpg,AI70VF,83.33
682,AI7OVF,1932-01-01,14:24,67.0,40,AV LIBERTADOR,,ERROR,27.0,25.0,urban_flow/data/raw/imgs/urban_flow_plates/747b0f12f54703ee_patente.jpg,AI70VF,83.33
684,AI7OVF,1932-01-01,18:31,113.0,60,AV LIBERTADOR,R03,APELADA,53.0,50.0,urban_flow/data/raw/imgs/urban_flow_plates/747b0f12f54703ee_patente.jpg,AI70VF,83.33
842,AI7OVF,1932-01-01,14:30,54.0,40,AV LIBERTADOR,R03,PAGADA,14.0,12.0,urban_flow/data/raw/imgs/urban_flow_plates/747b0f12f54703ee_patente.jpg,AI70VF,83.33
1147,AI7OVF,2020-03-16,14:42,114.0,60,AV LIBERTADOR,R01,ERROR,54.0,51.0,urban_flow/data/raw/imgs/urban_flow_plates/747b0f12f54703ee_patente.jpg,AI70VF,83.33
1195,AI7OVF,1932-01-01,00:00,60.0,40,RUTA 9,R01,IMPAGA,20.0,18.0,urban_flow/data/raw/imgs/urban_flow_plates/747b0f12f54703ee_patente.jpg,AI70VF,83.33
1475,AI7OVF,2022-02-23,19:04,106.0,60,AV LIBERTADOR,,ERROR,46.0,43.0,urban_flow/data/raw/imgs/urban_flow_plates/747b0f12f54703ee_patente.jpg,AI70VF,83.33
1735,AI7OVF,1932-01-01,00:00,151.0,80,AV SIEMPRE VIVA,R02,ERROR,71.0,67.0,urban_flow/data/raw/imgs/urban_flow_plates/747b0f12f54703ee_patente.jpg,AI70VF,83.33
2156,AI7OVF,1932-01-01,09:28,113.0,80,AV LIBERTADOR,R02,ERROR,33.0,29.0,urban_flow/data/raw/imgs/urban_flow_plates/747b0f12f54703ee_patente.jpg,AI70VF,83.33
2391,AI7OVF,2023-09-28,15:25,140.0,60,RUTA 9,R02,PAGADA,80.0,77.0,urban_flow/data/raw/imgs/urban_flow_plates/747b0f12f54703ee_patente.jpg,AI70VF,83.33
2512,AI7OVF,1932-01-01,00:00,81.0,40,AV LIBERTADOR,R03,IMPAGA,41.0,39.0,urban_flow/data/raw/imgs/urban_flow_plates/747b0f12f54703ee_patente.jpg,AI70VF,83.33
2520,AI7OVF,1932-01-01,09:44,112.0,40,AV SIEMPRE VIVA,R02,PAGADA,72.0,70.0,urban_flow/data/raw/imgs/urban_flow_plates/747b0f12f54703ee_patente.jpg,AI70VF,83.33
2540,AI7OVF,1932-01-01,15:30,67.0,40,AV LIBERTADOR,R03,APELADA,27.0,25.0,urban_flow/data/raw/imgs/urban_flow_plates/747b0f12f54703ee_patente.jpg,AI70VF,83.33
2679,AI7OVF,1932-01-01,00:00,111.0,80,AV LIBERTADOR,R03,ERROR,31.0,27.0,urban_flow/data/raw/imgs/urban_flow_plates/747b0f12f54703ee_patente.jpg,AI70VF,83.33
2740,AI7OVF,2023-09-04,15:36,133.0,60,AV LIBERTADOR,,ERROR,73.0,70.0,urban_flow/data/raw/imgs/urban_flow_plates/747b0f12f54703ee_patente.jpg,AI70VF,83.33
3228,AI7OVF,1932-01-01,20:18,119.0,60,RUTA 9,R02,PAGADA,59.0,56.0,urban_flow/data/raw/imgs/urban_flow_plates/747b0f12f54703ee_patente.jpg,AI70VF,83.33
3503,AI7OVF,1932-01-01,00:00,90.0,40,AV LIBERTADOR,R01,IMPAGA,50.0,48.0,urban_flow/data/raw/imgs/urban_flow_plates/747b0f12f54703ee_patente.jpg,AI70VF,83.33
21,BHRP770,1932-01-01,08:01,71.0,60,RUTA 9,R03,PAGADA,11.0,8.0,urban_flow/data/raw/imgs/urban_flow_plates/321ffb38656f7311_patente.jpg,BHRP770,100.0
262,BHRP770,1932-01-01,00:00,94.0,60,AV LIBERTADOR,R01,ERROR,34.0,31.0,urban_flow/data/raw/imgs/urban_flow_plates/321ffb38656f7311_patente.jpg,BHRP770,100.0
568,BHRP770,1932-01-01,08:20,153.0,80,RUTA 9,R03,ERROR,73.0,69.0,urban_flow/data/raw/imgs/urban_flow_plates/321ffb38656f7311_patente.jpg,BHRP770,100.0
689,BHRP770,1932-01-01,18:31,114.0,80,AV SIEMPRE VIVA,,IMPAGA,34.0,30.0,urban_flow/data/raw/imgs/urban_flow_plates/321ffb38656f7311_patente.jpg,BHRP770,100.0
713,BHRP770,2020-12-12,00:00,119.0,80,AV LIBERTADOR,R01,APELADA,39.0,35.0,urban_flow/data/raw/imgs/urban_flow_plates/321ffb38656f7311_patente.jpg,BHRP770,100.0
945,BHRP770,2021-03-11,00:00,95.0,60,AV LIBERTADOR,,APELADA,35.0,32.0,urban_flow/data/raw/imgs/urban_flow_plates/321ffb38656f7311_patente.jpg,BHRP770,100.0
1117,BHRP770,1932-01-01,00:00,158.0,80,RUTA 9,,APELADA,78.0,74.0,urban_flow/data/raw/imgs/urban_flow_plates/321ffb38656f7311_patente.jpg,BHRP770,100.0
1231,BHRP770,2022-12-11,14:44,115.0,60,AV LIBERTADOR,R02,APELADA,55.0,52.0,urban_flow/data/raw/imgs/urban_flow_plates/321ffb38656f7311_patente.jpg,BHRP770,100.0
1468,BHRP770,1932-01-01,09:00,95.0,80,AV SIEMPRE VIVA,R02,IMPAGA,15.0,11.0,urban_flow/data/raw/imgs/urban_flow_plates/321ffb38656f7311_patente.jpg,BHRP770,100.0
1517,BHRP770,1932-01-01,19:05,101.0,40,RUTA 9,R02,IMPAGA,61.0,59.0,urban_flow/data/raw/imgs/urban_flow_plates/321ffb38656f7311_patente.jpg,BHRP770,100.0
1765,BHRP770,1932-01-01,15:04,104.0,80,RUTA 9,,ERROR,24.0,20.0,urban_flow/data/raw/imgs/urban_flow_plates/321ffb38656f7311_patente.jpg,BHRP770,100.0
1847,BHRP770,2021-04-07,09:16,67.0,40,RUTA 9,R03,APELADA,27.0,25.0,urban_flow/data/raw/imgs/urban_flow_plates/321ffb38656f7311_patente.jpg,BHRP770,100.0
2180,BHRP770,1932-01-01,09:30,79.0,40,AV LIBERTADOR,R03,ERROR,39.0,37.0,urban_flow/data/raw/imgs/urban_flow_plates/321ffb38656f7311_patente.jpg,BHRP770,100.0
2377,BHRP770,1932-01-01,19:41,148.0,80,AV SIEMPRE VIVA,,PAGADA,68.0,64.0,urban_flow/data/raw/imgs/urban_flow_plates/321ffb38656f7311_patente.jpg,BHRP770,100.0
2393,BHRP770,2020-12-08,09:38,61.0,40,AV SIEMPRE VIVA,R03,IMPAGA,21.0,19.0,urban_flow/data/raw/imgs/urban_flow_plates/321ffb38656f7311_patente.jpg,BHRP770,100.0
2436,BHRP770,1932-01-01,00:00,49.0,40,AV LIBERTADOR,R02,ERROR,9.0,7.0,urban_flow/data/raw/imgs/urban_flow_plates/321ffb38656f7311_patente.jpg,BHRP770,100.0
2546,BHRP770,1932-01-01,09:45,91.0,80,AV SIEMPRE VIVA,,IMPAGA,11.0,7.0,urban_flow/data/raw/imgs/urban_flow_plates/321ffb38656f7311_patente.jpg,BHRP770,100.0
2563,BHRP770,1932-01-01,09:46,118.0,40,AV SIEMPRE VIVA,R03,ERROR,78.0,76.0,urban_flow/data/raw/imgs/urban_flow_plates/321ffb38656f7311_patente.jpg,BHRP770,100.0
2569,BHRP770,1932-01-01,09:46,90.0,40,AV SIEMPRE VIVA,R02,PAGADA,50.0,48.0,urban_flow/data/raw/imgs/urban_flow_plates/321ffb38656f7311_patente.jpg,BHRP770,100.0
2916,BHRP770,1932-01-01,00:00,95.0,40,AV LIBERTADOR,,PAGADA,55.0,53.0,urban_flow/data/raw/imgs/urban_flow_plates/321ffb38656f7311_patente.jpg,BHRP770,100.0
3102,BHRP770,1932-01-01,20:12,55.0,40,RUTA 9,,PAGADA,15.0,13.0,urban_flow/data/raw/imgs/urban_flow_plates/321ffb38656f7311_patente.jpg,BHRP770,100.0
3188,BHRP770,2021-02-09,15:53,116.0,60,AV SIEMPRE VIVA,,APELADA,56.0,53.0,urban_flow/data/raw/imgs/urban_flow_plates/321ffb38656f7311_patente.jpg,BHRP770,100.0
3311,BHRP770,2022-06-01,20:22,90.0,60,AV LIBERTADOR,R02,APELADA,30.0,27.0,urban_flow/data/raw/imgs/urban_flow_plates/321ffb38656f7311_patente.jpg,BHRP770,100.0
3401,BHRP770,1932-01-01,20:25,130.0,60,AV LIBERTADOR,,PAGADA,70.0,67.0,urban_flow/data/raw/imgs/urban_flow_plates/321ffb38656f7311_patente.jpg,BHRP770,100.0
3456,BHRP770,2023-12-08,20:27,106.0,60,AV LIBERTADOR,R01,ERROR,46.0,43.0,urban_flow/data/raw/imgs/urban_flow_plates/321ffb38656f7311_patente.jpg,BHRP770,100.0
3569,BHRP770,1932-01-01,20:30,109.0,60,AV SIEMPRE VIVA,R01,ERROR,49.0,46.0,urban_flow/data/raw/imgs/urban_flow_plates/321ffb38656f7311_patente.jpg,BHRP770,100.0
138,831MDB,2021-05-09,18:06,153.0,80,AV SIEMPRE VIVA,R03,ERROR,73.0,69.0,urban_flow/data/raw/imgs/urban_flow_plates/628a23a43f19c4db_patente.jpg,835MDBHOAT,83.33
236,831MDB,1932-01-01,08:09,70.0,60,RUTA 9,R03,PAGADA,10.0,7.0,urban_flow/data/raw/imgs/urban_flow_plates/628a23a43f19c4db_patente.jpg,835MDBHOAT,83.33
481,831MDB,1932-01-01,00:00,93.0,80,RUTA 9,R03,IMPAGA,13.0,9.0,urban_flow/data/raw/imgs/urban_flow_plates/628a23a43f19c4db_patente.jpg,835MDBHOAT,83.33
718,831MDB,1932-01-01,08:25,135.0,60,AV LIBERTADOR,R02,APELADA,75.0,72.0,urban_flow/data/raw/imgs/urban_flow_plates/628a23a43f19c4db_patente.jpg,835MDBHOAT,83.33
1022,831MDB,1932-01-01,00:00,153.0,80,AV LIBERTADOR,R01,IMPAGA,73.0,69.0,urban_flow/data/raw/imgs/urban_flow_plates/628a23a43f19c4db_patente.jpg,835MDBHOAT,83.33
1315,831MDB,2022-12-06,08:54,76.0,60,AV LIBERTADOR,R02,ERROR,16.0,13.0,urban_flow/data/raw/imgs/urban_flow_plates/628a23a43f19c4db_patente.jpg,835MDBHOAT,83.33
1451,831MDB,1932-01-01,14:53,100.0,80,RUTA 9,,IMPAGA,20.0,16.0,urban_flow/data/raw/imgs/urban_flow_plates/628a23a43f19c4db_patente.jpg,835MDBHOAT,83.33
1559,831MDB,2020-06-20,09:03,89.0,40,AV SIEMPRE VIVA,R03,IMPAGA,49.0,47.0,urban_flow/data/raw/imgs/urban_flow_plates/628a23a43f19c4db_patente.jpg,835MDBHOAT,83.33
1788,831MDB,2020-03-22,00:00,105.0,80,AV SIEMPRE VIVA,R03,ERROR,25.0,21.0,urban_flow/data/raw/imgs/urban_flow_plates/628a23a43f19c4db_patente.jpg,835MDBHOAT,83.33
1821,831MDB,1932-01-01,19:18,95.0,40,AV LIBERTADOR,,IMPAGA,55.0,53.0,urban_flow/data/raw/imgs/urban_flow_plates/628a23a43f19c4db_patente.jpg,835MDBHOAT,83.33
1842,831MDB,1932-01-01,09:15,98.0,40,AV LIBERTADOR,,ERROR,58.0,56.0,urban_flow/data/raw/imgs/urban_flow_plates/628a23a43f19c4db_patente.jpg,835MDBHOAT,83.33
1918,831MDB,1932-01-01,19:21,104.0,80,AV LIBERTADOR,,IMPAGA,24.0,20.0,urban_flow/data/raw/imgs/urban_flow_plates/628a23a43f19c4db_patente.jpg,835MDBHOAT,83.33
2010,831MDB,2021-04-25,00:00,75.0,40,RUTA 9,R03,APELADA,35.0,33.0,urban_flow/data/raw/imgs/urban_flow_plates/628a23a43f19c4db_patente.jpg,835MDBHOAT,83.33
2085,831MDB,1932-01-01,00:00,101.0,40,RUTA 9,,IMPAGA,61.0,59.0,urban_flow/data/raw/imgs/urban_flow_plates/628a23a43f19c4db_patente.jpg,835MDBHOAT,83.33
2130,831MDB,2021-09-20,00:00,90.0,60,RUTA 9,R01,ERROR,30.0,27.0,urban_flow/data/raw/imgs/urban_flow_plates/628a23a43f19c4db_patente.jpg,835MDBHOAT,83.33
2447,831MDB,2023-01-28,09:40,133.0,80,AV LIBERTADOR,R02,APELADA,53.0,49.0,urban_flow/data/raw/imgs/urban_flow_plates/628a23a43f19c4db_patente.jpg,835MDBHOAT,83.33
2450,831MDB,1932-01-01,00:00,126.0,80,AV SIEMPRE VIVA,R02,PAGADA,46.0,42.0,urban_flow/data/raw/imgs/urban_flow_plates/628a23a43f19c4db_patente.jpg,835MDBHOAT,83.33
2598,831MDB,1932-01-01,19:51,122.0,80,AV LIBERTADOR,R02,ERROR,42.0,38.0,urban_flow/data/raw/imgs/urban_flow_plates/628a23a43f19c4db_patente.jpg,835MDBHOAT,83.33
2845,831MDB,1932-01-01,09:58,154.0,80,AV LIBERTADOR,R01,IMPAGA,74.0,70.0,urban_flow/data/raw/imgs/urban_flow_plates/628a23a43f19c4db_patente.jpg,835MDBHOAT,83.33
2892,831MDB,1932-01-01,20:03,117.0,60,AV SIEMPRE VIVA,R03,PAGADA,57.0,54.0,urban_flow/data/raw/imgs/urban_flow_plates/628a23a43f19c4db_patente.jpg,835MDBHOAT,83.33
2978,831MDB,1932-01-01,00:00,139.0,60,AV SIEMPRE VIVA,R02,ERROR,79.0,76.0,urban_flow/data/raw/imgs/urban_flow_plates/628a23a43f19c4db_patente.jpg,835MDBHOAT,83.33
3059,831MDB,1932-01-01,00:00,109.0,40,AV LIBERTADOR,R03,ERROR,69.0,67.0,urban_flow/data/raw/imgs/urban_flow_plates/628a23a43f19c4db_patente.jpg,835MDBHOAT,83.33
3128,831MDB,2023-12-16,00:00,60.0,40,AV SIEMPRE VIVA,R01,PAGADA,20.0,18.0,urban_flow/data/raw/imgs/urban_flow_plates/628a23a43f19c4db_patente.jpg,835MDBHOAT,83.33
3287,831MDB,1932-01-01,15:55,116.0,80,RUTA 9,R01,IMPAGA,36.0,32.0,urban_flow/data/raw/imgs/urban_flow_plates/628a23a43f19c4db_patente.jpg,835MDBHOAT,83.33
3458,831MDB,1932-01-01,20:27,158.0,80,AV SIEMPRE VIVA,,APELADA,78.0,74.0,urban_flow/data/raw/imgs/urban_flow_plates/628a23a43f19c4db_patente.jpg,835MDBHOAT,83.33
31,M431ZW,1932-01-01,14:01,123.0,60,RUTA 9,R03,PAGADA,63.0,60.0,urban_flow/data/raw/imgs/urban_flow_plates/299f0363ae21d1c3_patente.jpg,M431ZM,83.33
64,M431ZW,1932-01-01,00:00,86.0,80,RUTA 9,R01,APELADA,6.0,2.0,urban_flow/data/raw/imgs/urban_flow_plates/299f0363ae21d1c3_patente.jpg,M431ZM,83.33
216,M431ZW,1932-01-01,00:00,109.0,60,RUTA 9,R03,APELADA,49.0,46.0,urban_flow/data/raw/imgs/urban_flow_plates/299f0363ae21d1c3_patente.jpg,M431ZM,83.33
492,M431ZW,1932-01-01,00:00,62.0,40,AV SIEMPRE VIVA,R02,APELADA,22.0,20.0,urban_flow/data/raw/imgs/urban_flow_plates/299f0363ae21d1c3_patente.jpg,M431ZM,83.33
627,M431ZW,1932-01-01,18:28,146.0,80,AV SIEMPRE VIVA,R02,ERROR,66.0,62.0,urban_flow/data/raw/imgs/urban_flow_plates/299f0363ae21d1c3_patente.jpg,M431ZM,83.33
814,M431ZW,1932-01-01,00:00,132.0,60,AV LIBERTADOR,R01,APELADA,72.0,69.0,urban_flow/data/raw/imgs/urban_flow_plates/299f0363ae21d1c3_patente.jpg,M431ZM,83.33
841,M431ZW,1932-01-01,00:00,114.0,60,AV SIEMPRE VIVA,R03,ERROR,54.0,51.0,urban_flow/data/raw/imgs/urban_flow_plates/299f0363ae21d1c3_patente.jpg,M431ZM,83.33
1097,M431ZW,1932-01-01,00:00,69.0,60,AV LIBERTADOR,R02,PAGADA,9.0,6.0,urban_flow/data/raw/imgs/urban_flow_plates/299f0363ae21d1c3_patente.jpg,M431ZM,83.33
1156,M431ZW,1932-01-01,00:00,114.0,60,AV SIEMPRE VIVA,R03,PAGADA,54.0,51.0,urban_flow/data/raw/imgs/urban_flow_plates/299f0363ae21d1c3_patente.jpg,M431ZM,83.33
1263,M431ZW,1932-01-01,00:00,120.0,60,RUTA 9,R03,APELADA,60.0,57.0,urban_flow/data/raw/imgs/urban_flow_plates/299f0363ae21d1c3_patente.jpg,M431ZM,83.33
1264,M431ZW,2021-09-19,08:50,132.0,60,AV LIBERTADOR,R01,ERROR,72.0,69.0,urban_flow/data/raw/imgs/urban_flow_plates/299f0363ae21d1c3_patente.jpg,M431ZM,83.33
1424,M431ZW,2023-11-09,19:01,96.0,80,AV SIEMPRE VIVA,R02,ERROR,16.0,12.0,urban_flow/data/raw/imgs/urban_flow_plates/299f0363ae21d1c3_patente.jpg,M431ZM,83.33
1596,M431ZW,1932-01-01,00:00,122.0,80,AV SIEMPRE VIVA,R02,IMPAGA,42.0,38.0,urban_flow/data/raw/imgs/urban_flow_plates/299f0363ae21d1c3_patente.jpg,M431ZM,83.33
1720,M431ZW,1932-01-01,00:00,86.0,60,AV LIBERTADOR,R01,ERROR,26.0,23.0,urban_flow/data/raw/imgs/urban_flow_plates/299f0363ae21d1c3_patente.jpg,M431ZM,83.33
1904,M431ZW,1932-01-01,00:00,66.0,40,AV SIEMPRE VIVA,,APELADA,26.0,24.0,urban_flow/data/raw/imgs/urban_flow_plates/299f0363ae21d1c3_patente.jpg,M431ZM,83.33
1921,M431ZW,1932-01-01,09:19,105.0,60,AV SIEMPRE VIVA,R03,PAGADA,45.0,42.0,urban_flow/data/raw/imgs/urban_flow_plates/299f0363ae21d1c3_patente.jpg,M431ZM,83.33
1985,M431ZW,1932-01-01,19:25,137.0,80,AV SIEMPRE VIVA,R01,ERROR,57.0,53.0,urban_flow/data/raw/imgs/urban_flow_plates/299f0363ae21d1c3_patente.jpg,M431ZM,83.33
2017,M431ZW,1932-01-01,00:00,122.0,80,RUTA 9,R03,ERROR,42.0,38.0,urban_flow/data/raw/imgs/urban_flow_plates/299f0363ae21d1c3_patente.jpg,M431ZM,83.33
2186,M431ZW,2022-05-28,15:17,115.0,40,AV LIBERTADOR,,ERROR,75.0,73.0,urban_flow/data/raw/imgs/urban_flow_plates/299f0363ae21d1c3_patente.jpg,M431ZM,83.33
2213,M431ZW,1932-01-01,00:00,108.0,80,AV LIBERTADOR,R01,IMPAGA,28.0,24.0,urban_flow/data/raw/imgs/urban_flow_plates/299f0363ae21d1c3_patente.jpg,M431ZM,83.33
2310,M431ZW,2022-02-25,00:00,89.0,80,AV LIBERTADOR,R01,ERROR,9.0,5.0,urban_flow/data/raw/imgs/urban_flow_plates/299f0363ae21d1c3_patente.jpg,M431ZM,83.33
2396,M431ZW,1932-01-01,19:42,157.0,80,AV SIEMPRE VIVA,R01,ERROR,77.0,73.0,urban_flow/data/raw/imgs/urban_flow_plates/299f0363ae21d1c3_patente.jpg,M431ZM,83.33
2397,M431ZW,1932-01-01,15:26,118.0,80,AV LIBERTADOR,R02,IMPAGA,38.0,34.0,urban_flow/data/raw/imgs/urban_flow_plates/299f0363ae21d1c3_patente.jpg,M431ZM,83.33
2648,M431ZW,1932-01-01,15:33,89.0,80,RUTA 9,R01,ERROR,9.0,5.0,urban_flow/data/raw/imgs/urban_flow_plates/299f0363ae21d1c3_patente.jpg,M431ZM,83.33
2750,M431ZW,1932-01-01,00:00,75.0,60,AV SIEMPRE VIVA,,IMPAGA,15.0,12.0,urban_flow/data/raw/imgs/urban_flow_plates/299f0363ae21d1c3_patente.jpg,M431ZM,83.33
2873,M431ZW,1932-01-01,00:00,59.0,40,AV SIEMPRE VIVA,,ERROR,19.0,17.0,urban_flow/data/raw/imgs/urban_flow_plates/299f0363ae21d1c3_patente.jpg,M431ZM,83.33
2878,M431ZW,1932-01-01,20:03,70.0,60,AV SIEMPRE VIVA,R02,PAGADA,10.0,7.0,urban_flow/data/raw/imgs/urban_flow_plates/299f0363ae21d1c3_patente.jpg,M431ZM,83.33
2911,M431ZW,2023-10-10,00:00,68.0,40,AV SIEMPRE VIVA,R01,IMPAGA,28.0,26.0,urban_flow/data/raw/imgs/urban_flow_plates/299f0363ae21d1c3_patente.jpg,M431ZM,83.33
3202,M431ZW,2020-01-03,15:54,120.0,40,AV LIBERTADOR,,APELADA,80.0,78.0,urban_flow/data/raw/imgs/urban_flow_plates/299f0363ae21d1c3_patente.jpg,M431ZM,83.33
3225,M431ZW,1932-01-01,10:10,155.0,80,AV SIEMPRE VIVA,R02,PAGADA,75.0,71.0,urban_flow/data/raw/imgs/urban_flow_plates/299f0363ae21d1c3_patente.jpg,M431ZM,83.33
3451,M431ZW,1932-01-01,20:27,97.0,60,AV SIEMPRE VIVA,R02,PAGADA,37.0,34.0,urban_flow/data/raw/imgs/urban_flow_plates/299f0363ae21d1c3_patente.jpg,M431ZM,83.33
3792,M431ZW,1932-01-01,20:41,143.0,80,RUTA 9,R01,APELADA,63.0,59.0,urban_flow/data/raw/imgs/urban_flow_plates/299f0363ae21d1c3_patente.jpg,M431ZM,83.33
3808,M431ZW,1932-01-01,10:36,76.0,40,AV LIBERTADOR,R03,APELADA,36.0,34.0,urban_flow/data/raw/imgs/urban_flow_plates/299f0363ae21d1c3_patente.jpg,M431ZM,83.33
3827,M431ZW,1932-01-01,16:18,58.0,40,RUTA 9,R03,IMPAGA,18.0,16.0,urban_flow/data/raw/imgs/urban_flow_plates/299f0363ae21d1c3_patente.jpg,M431ZM,83.33
79,MVU4688,1932-01-01,08:04,96.0,60,AV SIEMPRE VIVA,R02,ERROR,36.0,33.0,urban_flow/data/raw/imgs/urban_flow_plates/3feecc5809a29627_patente.jpg,MVU4688,100.0
90,MVU4688,1932-01-01,18:04,49.0,40,RUTA 9,,PAGADA,9.0,7.0,urban_flow/data/raw/imgs/urban_flow_plates/3feecc5809a29627_patente.jpg,MVU4688,100.0
140,MVU4688,1932-01-01,00:00,110.0,60,AV LIBERTADOR,R03,PAGADA,50.0,47.0,urban_flow/data/raw/imgs/urban_flow_plates/3feecc5809a29627_patente.jpg,MVU4688,100.0
164,MVU4688,1932-01-01,00:00,97.0,80,RUTA 9,R03,PAGADA,17.0,13.0,urban_flow/data/raw/imgs/urban_flow_plates/3feecc5809a29627_patente.jpg,MVU4688,100.0
408,MVU4688,1932-01-01,18:18,91.0,40,AV LIBERTADOR,R02,IMPAGA,51.0,49.0,urban_flow/data/raw/imgs/urban_flow_plates/3feecc5809a29627_patente.jpg,MVU4688,100.0
795,MVU4688,1932-01-01,14:28,152.0,80,AV SIEMPRE VIVA,,APELADA,72.0,68.0,urban_flow/data/raw/imgs/urban_flow_plates/3feecc5809a29627_patente.jpg,MVU4688,100.0
897,MVU4688,2023-09-01,08:33,90.0,60,AV LIBERTADOR,R03,IMPAGA,30.0,27.0,urban_flow/data/raw/imgs/urban_flow_plates/3feecc5809a29627_patente.jpg,MVU4688,100.0
975,MVU4688,1932-01-01,18:43,132.0,60,AV LIBERTADOR,R03,ERROR,72.0,69.0,urban_flow/data/raw/imgs/urban_flow_plates/3feecc5809a29627_patente.jpg,MVU4688,100.0
1032,MVU4688,2020-01-22,00:00,138.0,60,RUTA 9,R03,IMPAGA,78.0,75.0,urban_flow/data/raw/imgs/urban_flow_plates/3feecc5809a29627_patente.jpg,MVU4688,100.0
1337,MVU4688,1932-01-01,18:57,122.0,60,AV LIBERTADOR,R03,IMPAGA,62.0,59.0,urban_flow/data/raw/imgs/urban_flow_plates/3feecc5809a29627_patente.jpg,MVU4688,100.0
1743,MVU4688,1932-01-01,19:16,72.0,40,AV SIEMPRE VIVA,R03,ERROR,32.0,30.0,urban_flow/data/raw/imgs/urban_flow_plates/3feecc5809a29627_patente.jpg,MVU4688,100.0
1778,MVU4688,1932-01-01,19:17,84.0,60,AV SIEMPRE VIVA,,IMPAGA,24.0,21.0,urban_flow/data/raw/imgs/urban_flow_plates/3feecc5809a29627_patente.jpg,MVU4688,100.0
1804,MVU4688,2023-03-21,09:13,97.0,80,AV SIEMPRE VIVA,R01,ERROR,17.0,13.0,urban_flow/data/raw/imgs/urban_flow_plates/3feecc5809a29627_patente.jpg,MVU4688,100.0
1833,MVU4688,1932-01-01,00:00,74.0,60,RUTA 9,R01,APELADA,14.0,11.0,urban_flow/data/raw/imgs/urban_flow_plates/3feecc5809a29627_patente.jpg,MVU4688,100.0
1865,MVU4688,1932-01-01,00:00,88.0,60,AV SIEMPRE VIVA,R02,IMPAGA,28.0,25.0,urban_flow/data/raw/imgs/urban_flow_plates/3feecc5809a29627_patente.jpg,MVU4688,100.0
1915,MVU4688,1932-01-01,15:10,79.0,60,AV SIEMPRE VIVA,R02,APELADA,19.0,16.0,urban_flow/data/raw/imgs/urban_flow_plates/3feecc5809a29627_patente.jpg,MVU4688,100.0
2278,MVU4688,1932-01-01,09:33,105.0,80,AV LIBERTADOR,,ERROR,25.0,21.0,urban_flow/data/raw/imgs/urban_flow_plates/3feecc5809a29627_patente.jpg,MVU4688,100.0
2394,MVU4688,1932-01-01,19:42,68.0,60,AV LIBERTADOR,R03,ERROR,8.0,5.0,urban_flow/data/raw/imgs/urban_flow_plates/3feecc5809a29627_patente.jpg,MVU4688,100.0
2466,MVU4688,1932-01-01,00:00,87.0,80,RUTA 9,R01,PAGADA,7.0,3.0,urban_flow/data/raw/imgs/urban_flow_plates/3feecc5809a29627_patente.jpg,MVU4688,100.0
2469,MVU4688,1932-01-01,00:00,106.0,40,RUTA 9,R03,PAGADA,66.0,64.0,urban_flow/data/raw/imgs/urban_flow_plates/3feecc5809a29627_patente.jpg,MVU4688,100.0
2853,MVU4688,1932-01-01,00:00,109.0,40,AV SIEMPRE VIVA,R02,PAGADA,69.0,67.0,urban_flow/data/raw/imgs/urban_flow_plates/3feecc5809a29627_patente.jpg,MVU4688,100.0
3053,MVU4688,1932-01-01,10:05,105.0,60,RUTA 9,R03,PAGADA,45.0,42.0,urban_flow/data/raw/imgs/urban_flow_plates/3feecc5809a29627_patente.jpg,MVU4688,100.0
3926,MVU4688,1932-01-01,20:47,130.0,60,AV LIBERTADOR,R01,PAGADA,70.0,67.0,urban_flow/data/raw/imgs/urban_flow_plates/3feecc5809a29627_patente.jpg,MVU4688,100.0
3961,MVU4688,2023-10-28,20:48,108.0,60,AV SIEMPRE VIVA,R01,ERROR,48.0,45.0,urban_flow/data/raw/imgs/urban_flow_plates/3feecc5809a29627_patente.jpg,MVU4688,100.0
17,5777770,1932-01-01,00:00,93.0,40,AV SIEMPRE VIVA,R02,APELADA,53.0,51.0,urban_flow/data/raw/imgs/urban_flow_plates/7f56adf4b9306ac9_patente.jpg,5777770,100.0
82,5777770,1932-01-01,00:00,60.0,40,AV SIEMPRE VIVA,R01,PAGADA,20.0,18.0,urban_flow/data/raw/imgs/urban_flow_plates/7f56adf4b9306ac9_patente.jpg,5777770,100.0
103,5777770,1932-01-01,00:00,91.0,60,AV LIBERTADOR,R03,ERROR,31.0,28.0,urban_flow/data/raw/imgs/urban_flow_plates/7f56adf4b9306ac9_patente.jpg,5777770,100.0
200,5777770,2022-09-13,14:06,85.0,60,RUTA 9,R02,PAGADA,25.0,22.0,urban_flow/data/raw/imgs/urban_flow_plates/7f56adf4b9306ac9_patente.jpg,5777770,100.0
218,5777770,1932-01-01,00:00,129.0,60,AV LIBERTADOR,R02,APELADA,69.0,66.0,urban_flow/data/raw/imgs/urban_flow_plates/7f56adf4b9306ac9_patente.jpg,5777770,100.0
649,5777770,2023-12-25,00:00,104.0,60,RUTA 9,,IMPAGA,44.0,41.0,urban_flow/data/raw/imgs/urban_flow_plates/7f56adf4b9306ac9_patente.jpg,5777770,100.0
1284,5777770,1932-01-01,18:56,64.0,40,AV SIEMPRE VIVA,R02,IMPAGA,24.0,22.0,urban_flow/data/raw/imgs/urban_flow_plates/7f56adf4b9306ac9_patente.jpg,5777770,100.0
1525,5777770,1932-01-01,00:00,91.0,80,AV SIEMPRE VIVA,,ERROR,11.0,7.0,urban_flow/data/raw/imgs/urban_flow_plates/7f56adf4b9306ac9_patente.jpg,5777770,100.0
1542,5777770,1932-01-01,00:00,88.0,60,AV LIBERTADOR,R02,APELADA,28.0,25.0,urban_flow/data/raw/imgs/urban_flow_plates/7f56adf4b9306ac9_patente.jpg,5777770,100.0
1624,5777770,1932-01-01,00:00,106.0,60,AV LIBERTADOR,,APELADA,46.0,43.0,urban_flow/data/raw/imgs/urban_flow_plates/7f56adf4b9306ac9_patente.jpg,5777770,100.0
2342,5777770,1932-01-01,00:00,126.0,80,AV LIBERTADOR,R03,IMPAGA,46.0,42.0,urban_flow/data/raw/imgs/urban_flow_plates/7f56adf4b9306ac9_patente.jpg,5777770,100.0
2347,5777770,1932-01-01,00:00,129.0,60,RUTA 9,R03,PAGADA,69.0,66.0,urban_flow/data/raw/imgs/urban_flow_plates/7f56adf4b9306ac9_patente.jpg,5777770,100.0
2476,5777770,2021-06-11,19:46,94.0,40,AV SIEMPRE VIVA,R01,APELADA,54.0,52.0,urban_flow/data/raw/imgs/urban_flow_plates/7f56adf4b9306ac9_patente.jpg,5777770,100.0
2483,5777770,1932-01-01,00:00,95.0,40,RUTA 9,R03,ERROR,55.0,53.0,urban_flow/data/raw/imgs/urban_flow_plates/7f56adf4b9306ac9_patente.jpg,5777770,100.0
2639,5777770,1932-01-01,00:00,78.0,40,AV LIBERTADOR,R03,IMPAGA,38.0,36.0,urban_flow/data/raw/imgs/urban_flow_plates/7f56adf4b9306ac9_patente.jpg,5777770,100.0
2827,5777770,2022-08-26,00:00,146.0,80,AV SIEMPRE VIVA,,PAGADA,66.0,62.0,urban_flow/data/raw/imgs/urban_flow_plates/7f56adf4b9306ac9_patente.jpg,5777770,100.0
2895,5777770,2023-09-30,15:42,85.0,40,AV LIBERTADOR,R03,IMPAGA,45.0,43.0,urban_flow/data/raw/imgs/urban_flow_plates/7f56adf4b9306ac9_patente.jpg,5777770,100.0
3023,5777770,1932-01-01,15:47,75.0,40,AV LIBERTADOR,R03,PAGADA,35.0,33.0,urban_flow/data/raw/imgs/urban_flow_plates/7f56adf4b9306ac9_patente.jpg,5777770,100.0
3350,5777770,1932-01-01,00:00,135.0,60,AV SIEMPRE VIVA,R02,PAGADA,75.0,72.0,urban_flow/data/raw/imgs/urban_flow_plates/7f56adf4b9306ac9_patente.jpg,5777770,100.0
3485,5777770,1932-01-01,16:02,76.0,40,AV LIBERTADOR,R02,APELADA,36.0,34.0,urban_flow/data/raw/imgs/urban_flow_plates/7f56adf4b9306ac9_patente.jpg,5777770,100.0
3532,5777770,1932-01-01,10:25,65.0,40,AV SIEMPRE VIVA,R02,APELADA,25.0,23.0,urban_flow/data/raw/imgs/urban_flow_plates/7f56adf4b9306ac9_patente.jpg,5777770,100.0
3537,5777770,1932-01-01,10:26,80.0,40,AV SIEMPRE VIVA,R01,IMPAGA,40.0,38.0,urban_flow/data/raw/imgs/urban_flow_plates/7f56adf4b9306ac9_patente.jpg,5777770,100.0
3905,5777770,1932-01-01,00:00,108.0,80,RUTA 9,R02,PAGADA,28.0,24.0,urban_flow/data/raw/imgs/urban_flow_plates/7f56adf4b9306ac9_patente.jpg,5777770,100.0
3986,5777770,1932-01-01,00:00,48.0,40,AV LIBERTADOR,,PAGADA,8.0,6.0,urban_flow/data/raw/imgs/urban_flow_plates/7f56adf4b9306ac9_patente.jpg,5777770,100.0
315,MPX9357,1932-01-01,00:00,104.0,60,AV LIBERTADOR,R03,IMPAGA,44.0,41.0,urban_flow/data/raw/imgs/urban_flow_plates/182268e1f8c6525f_patente.jpg,MPX9357,100.0
493,MPX9357,1932-01-01,00:00,80.0,60,AV LIBERTADOR,R02,PAGADA,20.0,17.0,urban_flow/data/raw/imgs/urban_flow_plates/182268e1f8c6525f_patente.jpg,MPX9357,100.0
639,MPX9357,2022-11-28,14:21,134.0,60,RUTA 9,R02,IMPAGA,74.0,71.0,urban_flow/data/raw/imgs/urban_flow_plates/182268e1f8c6525f_patente.jpg,MPX9357,100.0
655,MPX9357,1932-01-01,14:22,137.0,80,AV SIEMPRE VIVA,,PAGADA,57.0,53.0,urban_flow/data/raw/imgs/urban_flow_plates/182268e1f8c6525f_patente.jpg,MPX9357,100.0
731,MPX9357,1932-01-01,18:33,107.0,40,AV LIBERTADOR,,ERROR,67.0,65.0,urban_flow/data/raw/imgs/urban_flow_plates/182268e1f8c6525f_patente.jpg,MPX9357,100.0
1194,MPX9357,1932-01-01,14:44,143.0,80,AV SIEMPRE VIVA,,ERROR,63.0,59.0,urban_flow/data/raw/imgs/urban_flow_plates/182268e1f8c6525f_patente.jpg,MPX9357,100.0
1549,MPX9357,1932-01-01,14:57,74.0,40,AV SIEMPRE VIVA,R01,PAGADA,34.0,32.0,urban_flow/data/raw/imgs/urban_flow_plates/182268e1f8c6525f_patente.jpg,MPX9357,100.0
1680,MPX9357,2022-06-01,09:08,151.0,80,AV LIBERTADOR,R03,APELADA,71.0,67.0,urban_flow/data/raw/imgs/urban_flow_plates/182268e1f8c6525f_patente.jpg,MPX9357,100.0
2237,MPX9357,1932-01-01,15:19,84.0,60,AV LIBERTADOR,R01,APELADA,24.0,21.0,urban_flow/data/raw/imgs/urban_flow_plates/182268e1f8c6525f_patente.jpg,MPX9357,100.0
2286,MPX9357,1932-01-01,09:34,66.0,40,RUTA 9,,IMPAGA,26.0,24.0,urban_flow/data/raw/imgs/urban_flow_plates/182268e1f8c6525f_patente.jpg,MPX9357,100.0
2372,MPX9357,1932-01-01,15:25,128.0,80,RUTA 9,,PAGADA,48.0,44.0,urban_flow/data/raw/imgs/urban_flow_plates/182268e1f8c6525f_patente.jpg,MPX9357,100.0
2465,MPX9357,2021-09-14,09:42,106.0,40,AV LIBERTADOR,R01,IMPAGA,66.0,64.0,urban_flow/data/raw/imgs/urban_flow_plates/182268e1f8c6525f_patente.jpg,MPX9357,100.0
2671,MPX9357,1932-01-01,00:00,86.0,40,AV LIBERTADOR,R03,APELADA,46.0,44.0,urban_flow/data/raw/imgs/urban_flow_plates/182268e1f8c6525f_patente.jpg,MPX9357,100.0
2714,MPX9357,1932-01-01,09:52,79.0,40,AV LIBERTADOR,R01,ERROR,39.0,37.0,urban_flow/data/raw/imgs/urban_flow_plates/182268e1f8c6525f_patente.jpg,MPX9357,100.0
2796,MPX9357,1932-01-01,15:39,116.0,60,AV LIBERTADOR,R03,PAGADA,56.0,53.0,urban_flow/data/raw/imgs/urban_flow_plates/182268e1f8c6525f_patente.jpg,MPX9357,100.0
3112,MPX9357,1932-01-01,00:00,69.0,40,AV LIBERTADOR,,ERROR,29.0,27.0,urban_flow/data/raw/imgs/urban_flow_plates/182268e1f8c6525f_patente.jpg,MPX9357,100.0
3127,MPX9357,2020-01-26,00:00,50.0,40,AV LIBERTADOR,R02,ERROR,10.0,8.0,urban_flow/data/raw/imgs/urban_flow_plates/182268e1f8c6525f_patente.jpg,MPX9357,100.0
3168,MPX9357,1932-01-01,20:14,43.0,40,RUTA 9,R01,APELADA,3.0,1.0,urban_flow/data/raw/imgs/urban_flow_plates/182268e1f8c6525f_patente.jpg,MPX9357,100.0
3272,MPX9357,1932-01-01,00:00,115.0,80,RUTA 9,R01,APELADA,35.0,31.0,urban_flow/data/raw/imgs/urban_flow_plates/182268e1f8c6525f_patente.jpg,MPX9357,100.0
3386,MPX9357,1932-01-01,20:25,89.0,80,AV SIEMPRE VIVA,R03,APELADA,9.0,5.0,urban_flow/data/raw/imgs/urban_flow_plates/182268e1f8c6525f_patente.jpg,MPX9357,100.0
3518,MPX9357,1932-01-01,10:24,103.0,60,AV LIBERTADOR,R02,APELADA,43.0,40.0,urban_flow/data/raw/imgs/urban_flow_plates/182268e1f8c6525f_patente.jpg,MPX9357,100.0
3584,MPX9357,1932-01-01,10:28,87.0,40,RUTA 9,R01,IMPAGA,47.0,45.0,urban_flow/data/raw/imgs/urban_flow_plates/182268e1f8c6525f_patente.jpg,MPX9357,100.0
3586,MPX9357,2021-01-30,00:00,120.0,40,AV LIBERTADOR,R01,ERROR,80.0,78.0,urban_flow/data/raw/imgs/urban_flow_plates/182268e1f8c6525f_patente.jpg,MPX9357,100.0
3590,MPX9357,1932-01-01,00:00,99.0,80,AV SIEMPRE VIVA,R03,ERROR,19.0,15.0,urban_flow/data/raw/imgs/urban_flow_plates/182268e1f8c6525f_patente.jpg,MPX9357,100.0
3960,MPX9357,1932-01-01,00:00,124.0,60,AV LIBERTADOR,R03,APELADA,64.0,61.0,urban_flow/data/raw/imgs/urban_flow_plates/182268e1f8c6525f_patente.jpg,MPX9357,100.0
61,VY90540,2022-11-08,00:00,99.0,80,RUTA 9,R01,ERROR,19.0,15.0,urban_flow/data/raw/imgs/urban_flow_plates/288a95c01e43cd14_patente.jpg,VY90540,100.0
191,VY90540,1932-01-01,08:08,98.0,60,RUTA 9,,IMPAGA,38.0,35.0,urban_flow/data/raw/imgs/urban_flow_plates/288a95c01e43cd14_patente.jpg,VY90540,100.0
248,VY90540,2020-08-30,18:11,123.0,60,AV LIBERTADOR,,ERROR,63.0,60.0,urban_flow/data/raw/imgs/urban_flow_plates/288a95c01e43cd14_patente.jpg,VY90540,100.0
298,VY90540,1932-01-01,00:00,99.0,80,RUTA 9,R01,ERROR,19.0,15.0,urban_flow/data/raw/imgs/urban_flow_plates/288a95c01e43cd14_patente.jpg,VY90540,100.0
433,VY90540,1932-01-01,08:16,66.0,60,RUTA 9,R03,APELADA,6.0,3.0,urban_flow/data/raw/imgs/urban_flow_plates/288a95c01e43cd14_patente.jpg,VY90540,100.0
509,VY90540,1932-01-01,14:16,143.0,80,RUTA 9,,ERROR,63.0,59.0,urban_flow/data/raw/imgs/urban_flow_plates/288a95c01e43cd14_patente.jpg,VY90540,100.0
544,VY90540,1932-01-01,18:25,101.0,80,AV SIEMPRE VIVA,,ERROR,21.0,17.0,urban_flow/data/raw/imgs/urban_flow_plates/288a95c01e43cd14_patente.jpg,VY90540,100.0
686,VY90540,1932-01-01,00:00,131.0,80,AV LIBERTADOR,,IMPAGA,51.0,47.0,urban_flow/data/raw/imgs/urban_flow_plates/288a95c01e43cd14_patente.jpg,VY90540,100.0
690,VY90540,2020-07-18,18:32,119.0,80,AV LIBERTADOR,,APELADA,39.0,35.0,urban_flow/data/raw/imgs/urban_flow_plates/288a95c01e43cd14_patente.jpg,VY90540,100.0
995,VY90540,1932-01-01,14:36,89.0,60,AV LIBERTADOR,R03,IMPAGA,29.0,26.0,urban_flow/data/raw/imgs/urban_flow_plates/288a95c01e43cd14_patente.jpg,VY90540,100.0
1035,VY90540,1932-01-01,08:41,118.0,40,AV LIBERTADOR,R02,PAGADA,78.0,76.0,urban_flow/data/raw/imgs/urban_flow_plates/288a95c01e43cd14_patente.jpg,VY90540,100.0
1326,VY90540,1932-01-01,18:57,145.0,80,AV LIBERTADOR,R03,APELADA,65.0,61.0,urban_flow/data/raw/imgs/urban_flow_plates/288a95c01e43cd14_patente.jpg,VY90540,100.0
1570,VY90540,1932-01-01,14:58,58.0,40,RUTA 9,R01,APELADA,18.0,16.0,urban_flow/data/raw/imgs/urban_flow_plates/288a95c01e43cd14_patente.jpg,VY90540,100.0
1956,VY90540,2022-06-21,00:00,46.0,40,RUTA 9,R02,ERROR,6.0,4.0,urban_flow/data/raw/imgs/urban_flow_plates/288a95c01e43cd14_patente.jpg,VY90540,100.0
1970,VY90540,1932-01-01,09:21,116.0,60,RUTA 9,R02,PAGADA,56.0,53.0,urban_flow/data/raw/imgs/urban_flow_plates/288a95c01e43cd14_patente.jpg,VY90540,100.0
2082,VY90540,1932-01-01,09:25,58.0,40,AV SIEMPRE VIVA,R02,ERROR,18.0,16.0,urban_flow/data/raw/imgs/urban_flow_plates/288a95c01e43cd14_patente.jpg,VY90540,100.0
2161,VY90540,2021-05-15,00:00,95.0,40,AV LIBERTADOR,R01,ERROR,55.0,53.0,urban_flow/data/raw/imgs/urban_flow_plates/288a95c01e43cd14_patente.jpg,VY90540,100.0
2637,VY90540,1932-01-01,09:49,55.0,40,AV LIBERTADOR,R02,APELADA,15.0,13.0,urban_flow/data/raw/imgs/urban_flow_plates/288a95c01e43cd14_patente.jpg,VY90540,100.0
2697,VY90540,1932-01-01,09:51,74.0,60,AV SIEMPRE VIVA,R02,APELADA,14.0,11.0,urban_flow/data/raw/imgs/urban_flow_plates/288a95c01e43cd14_patente.jpg,VY90540,100.0
2887,VY90540,1932-01-01,20:03,118.0,40,RUTA 9,R02,IMPAGA,78.0,76.0,urban_flow/data/raw/imgs/urban_flow_plates/288a95c01e43cd14_patente.jpg,VY90540,100.0
3066,VY90540,1932-01-01,20:10,102.0,40,AV LIBERTADOR,R02,PAGADA,62.0,60.0,urban_flow/data/raw/imgs/urban_flow_plates/288a95c01e43cd14_patente.jpg,VY90540,100.0
3236,VY90540,1932-01-01,20:19,71.0,60,AV SIEMPRE VIVA,R01,ERROR,11.0,8.0,urban_flow/data/raw/imgs/urban_flow_plates/288a95c01e43cd14_patente.jpg,VY90540,100.0
3242,VY90540,1932-01-01,00:00,94.0,40,AV LIBERTADOR,R02,PAGADA,54.0,52.0,urban_flow/data/raw/imgs/urban_flow_plates/288a95c01e43cd14_patente.jpg,VY90540,100.0
3432,VY90540,1932-01-01,10:21,127.0,80,RUTA 9,,APELADA,47.0,43.0,urban_flow/data/raw/imgs/urban_flow_plates/288a95c01e43cd14_patente.jpg,VY90540,100.0
3488,VY90540,1932-01-01,00:00,91.0,80,AV SIEMPRE VIVA,R01,PAGADA,11.0,7.0,urban_flow/data/raw/imgs/urban_flow_plates/288a95c01e43cd14_patente.jpg,VY90540,100.0
41,6611172,1932-01-01,08:02,109.0,60,AV LIBERTADOR,R02,PAGADA,49.0,46.0,urban_flow/data/raw/imgs/urban_flow_plates/7a1f9520c7ecd5b1_patente.jpg,6611172,100.0
202,6611172,1932-01-01,18:09,137.0,60,RUTA 9,R03,ERROR,77.0,74.0,urban_flow/data/raw/imgs/urban_flow_plates/7a1f9520c7ecd5b1_patente.jpg,6611172,100.0
204,6611172,2020-04-18,14:06,93.0,80,AV LIBERTADOR,R03,PAGADA,13.0,9.0,urban_flow/data/raw/imgs/urban_flow_plates/7a1f9520c7ecd5b1_patente.jpg,6611172,100.0
249,6611172,1932-01-01,08:10,78.0,60,AV LIBERTADOR,R02,APELADA,18.0,15.0,urban_flow/data/raw/imgs/urban_flow_plates/7a1f9520c7ecd5b1_patente.jpg,6611172,100.0
342,6611172,2023-12-03,00:00,79.0,40,AV LIBERTADOR,R03,APELADA,39.0,37.0,urban_flow/data/raw/imgs/urban_flow_plates/7a1f9520c7ecd5b1_patente.jpg,6611172,100.0
488,6611172,1932-01-01,14:15,100.0,60,AV LIBERTADOR,R03,PAGADA,40.0,37.0,urban_flow/data/raw/imgs/urban_flow_plates/7a1f9520c7ecd5b1_patente.jpg,6611172,100.0
564,6611172,1932-01-01,14:18,118.0,80,AV LIBERTADOR,R03,APELADA,38.0,34.0,urban_flow/data/raw/imgs/urban_flow_plates/7a1f9520c7ecd5b1_patente.jpg,6611172,100.0
823,6611172,2022-02-01,08:31,136.0,80,AV LIBERTADOR,R03,ERROR,56.0,52.0,urban_flow/data/raw/imgs/urban_flow_plates/7a1f9520c7ecd5b1_patente.jpg,6611172,100.0
1090,6611172,1932-01-01,00:00,136.0,80,AV SIEMPRE VIVA,R03,PAGADA,56.0,52.0,urban_flow/data/raw/imgs/urban_flow_plates/7a1f9520c7ecd5b1_patente.jpg,6611172,100.0
1145,6611172,2022-11-05,00:00,150.0,80,AV LIBERTADOR,,ERROR,70.0,66.0,urban_flow/data/raw/imgs/urban_flow_plates/7a1f9520c7ecd5b1_patente.jpg,6611172,100.0
1208,6611172,1932-01-01,18:53,61.0,40,AV LIBERTADOR,R03,ERROR,21.0,19.0,urban_flow/data/raw/imgs/urban_flow_plates/7a1f9520c7ecd5b1_patente.jpg,6611172,100.0
1460,6611172,1932-01-01,19:03,126.0,80,RUTA 9,R01,ERROR,46.0,42.0,urban_flow/data/raw/imgs/urban_flow_plates/7a1f9520c7ecd5b1_patente.jpg,6611172,100.0
1503,6611172,1932-01-01,14:55,92.0,40,AV LIBERTADOR,,PAGADA,52.0,50.0,urban_flow/data/raw/imgs/urban_flow_plates/7a1f9520c7ecd5b1_patente.jpg,6611172,100.0
1575,6611172,1932-01-01,09:05,92.0,40,RUTA 9,,IMPAGA,52.0,50.0,urban_flow/data/raw/imgs/urban_flow_plates/7a1f9520c7ecd5b1_patente.jpg,6611172,100.0
1595,6611172,1932-01-01,00:00,144.0,80,RUTA 9,R01,APELADA,64.0,60.0,urban_flow/data/raw/imgs/urban_flow_plates/7a1f9520c7ecd5b1_patente.jpg,6611172,100.0
1754,6611172,1932-01-01,00:00,89.0,60,AV SIEMPRE VIVA,R02,APELADA,29.0,26.0,urban_flow/data/raw/imgs/urban_flow_plates/7a1f9520c7ecd5b1_patente.jpg,6611172,100.0
2029,6611172,1932-01-01,09:23,115.0,80,AV LIBERTADOR,,PAGADA,35.0,31.0,urban_flow/data/raw/imgs/urban_flow_plates/7a1f9520c7ecd5b1_patente.jpg,6611172,100.0
2044,6611172,1932-01-01,09:24,155.0,80,AV SIEMPRE VIVA,R02,IMPAGA,75.0,71.0,urban_flow/data/raw/imgs/urban_flow_plates/7a1f9520c7ecd5b1_patente.jpg,6611172,100.0
2147,6611172,2021-01-20,00:00,93.0,40,AV LIBERTADOR,R02,ERROR,53.0,51.0,urban_flow/data/raw/imgs/urban_flow_plates/7a1f9520c7ecd5b1_patente.jpg,6611172,100.0
2261,6611172,1932-01-01,15:20,136.0,80,AV LIBERTADOR,R02,PAGADA,56.0,52.0,urban_flow/data/raw/imgs/urban_flow_plates/7a1f9520c7ecd5b1_patente.jpg,6611172,100.0
2437,6611172,1932-01-01,15:27,50.0,40,AV SIEMPRE VIVA,R03,IMPAGA,10.0,8.0,urban_flow/data/raw/imgs/urban_flow_plates/7a1f9520c7ecd5b1_patente.jpg,6611172,100.0
2584,6611172,2023-11-14,00:00,112.0,80,RUTA 9,R02,PAGADA,32.0,28.0,urban_flow/data/raw/imgs/urban_flow_plates/7a1f9520c7ecd5b1_patente.jpg,6611172,100.0
2597,6611172,1932-01-01,09:47,112.0,60,RUTA 9,,APELADA,52.0,49.0,urban_flow/data/raw/imgs/urban_flow_plates/7a1f9520c7ecd5b1_patente.jpg,6611172,100.0
3269,6611172,1932-01-01,15:55,67.0,60,AV LIBERTADOR,R02,PAGADA,7.0,4.0,urban_flow/data/raw/imgs/urban_flow_plates/7a1f9520c7ecd5b1_patente.jpg,6611172,100.0
3273,6611172,1932-01-01,15:55,98.0,80,AV SIEMPRE VIVA,R03,PAGADA,18.0,14.0,urban_flow/data/raw/imgs/urban_flow_plates/7a1f9520c7ecd5b1_patente.jpg,6611172,100.0
24,XIIUME,1932-01-01,08:01,52.0,40,AV SIEMPRE VIVA,R03,IMPAGA,12.0,10.0,urban_flow/data/raw/imgs/urban_flow_plates/64de505bd2bac82b_patente.jpg,XIIUME,100.0
222,XIIUME,1932-01-01,18:10,83.0,60,AV SIEMPRE VIVA,R03,ERROR,23.0,20.0,urban_flow/data/raw/imgs/urban_flow_plates/64de505bd2bac82b_patente.jpg,XIIUME,100.0
256,XIIUME,2020-04-30,00:00,125.0,80,AV SIEMPRE VIVA,R03,ERROR,45.0,41.0,urban_flow/data/raw/imgs/urban_flow_plates/64de505bd2bac82b_patente.jpg,XIIUME,100.0
306,XIIUME,2023-07-26,08:12,133.0,80,AV SIEMPRE VIVA,R02,IMPAGA,53.0,49.0,urban_flow/data/raw/imgs/urban_flow_plates/64de505bd2bac82b_patente.jpg,XIIUME,100.0
421,XIIUME,1932-01-01,08:15,115.0,40,RUTA 9,R02,PAGADA,75.0,73.0,urban_flow/data/raw/imgs/urban_flow_plates/64de505bd2bac82b_patente.jpg,XIIUME,100.0
422,XIIUME,1932-01-01,18:19,116.0,60,AV SIEMPRE VIVA,R01,IMPAGA,56.0,53.0,urban_flow/data/raw/imgs/urban_flow_plates/64de505bd2bac82b_patente.jpg,XIIUME,100.0
424,XIIUME,1932-01-01,14:14,89.0,40,AV LIBERTADOR,R01,ERROR,49.0,47.0,urban_flow/data/raw/imgs/urban_flow_plates/64de505bd2bac82b_patente.jpg,XIIUME,100.0
431,XIIUME,1932-01-01,18:20,114.0,80,AV LIBERTADOR,,IMPAGA,34.0,30.0,urban_flow/data/raw/imgs/urban_flow_plates/64de505bd2bac82b_patente.jpg,XIIUME,100.0
456,XIIUME,2020-05-05,18:21,116.0,80,AV LIBERTADOR,R02,IMPAGA,36.0,32.0,urban_flow/data/raw/imgs/urban_flow_plates/64de505bd2bac82b_patente.jpg,XIIUME,100.0
725,XIIUME,1932-01-01,14:25,97.0,80,AV SIEMPRE VIVA,,APELADA,17.0,13.0,urban_flow/data/raw/imgs/urban_flow_plates/64de505bd2bac82b_patente.jpg,XIIUME,100.0
808,XIIUME,1932-01-01,14:29,157.0,80,RUTA 9,R03,ERROR,77.0,73.0,urban_flow/data/raw/imgs/urban_flow_plates/64de505bd2bac82b_patente.jpg,XIIUME,100.0
979,XIIUME,2023-06-18,14:36,68.0,60,AV SIEMPRE VIVA,R03,APELADA,8.0,5.0,urban_flow/data/raw/imgs/urban_flow_plates/64de505bd2bac82b_patente.jpg,XIIUME,100.0
1129,XIIUME,1932-01-01,14:42,158.0,80,AV SIEMPRE VIVA,R03,IMPAGA,78.0,74.0,urban_flow/data/raw/imgs/urban_flow_plates/64de505bd2bac82b_patente.jpg,XIIUME,100.0
1226,XIIUME,1932-01-01,00:00,98.0,80,AV LIBERTADOR,,PAGADA,18.0,14.0,urban_flow/data/raw/imgs/urban_flow_plates/64de505bd2bac82b_patente.jpg,XIIUME,100.0
1399,XIIUME,1932-01-01,00:00,105.0,40,AV LIBERTADOR,R02,IMPAGA,65.0,63.0,urban_flow/data/raw/imgs/urban_flow_plates/64de505bd2bac82b_patente.jpg,XIIUME,100.0
1504,XIIUME,1932-01-01,09:02,100.0,80,AV LIBERTADOR,R02,ERROR,20.0,16.0,urban_flow/data/raw/imgs/urban_flow_plates/64de505bd2bac82b_patente.jpg,XIIUME,100.0
1999,XIIUME,2021-01-01,00:00,131.0,80,AV LIBERTADOR,R02,ERROR,51.0,47.0,urban_flow/data/raw/imgs/urban_flow_plates/64de505bd2bac82b_patente.jpg,XIIUME,100.0
2042,XIIUME,1932-01-01,09:23,81.0,60,AV LIBERTADOR,R01,PAGADA,21.0,18.0,urban_flow/data/raw/imgs/urban_flow_plates/64de505bd2bac82b_patente.jpg,XIIUME,100.0
2188,XIIUME,2022-01-23,15:18,129.0,80,AV LIBERTADOR,R02,IMPAGA,49.0,45.0,urban_flow/data/raw/imgs/urban_flow_plates/64de505bd2bac82b_patente.jpg,XIIUME,100.0
2358,XIIUME,2020-06-15,19:40,114.0,40,RUTA 9,R01,PAGADA,74.0,72.0,urban_flow/data/raw/imgs/urban_flow_plates/64de505bd2bac82b_patente.jpg,XIIUME,100.0
2395,XIIUME,2020-06-09,15:25,117.0,60,RUTA 9,R02,ERROR,57.0,54.0,urban_flow/data/raw/imgs/urban_flow_plates/64de505bd2bac82b_patente.jpg,XIIUME,100.0
2543,XIIUME,1932-01-01,00:00,106.0,80,AV SIEMPRE VIVA,R01,IMPAGA,26.0,22.0,urban_flow/data/raw/imgs/urban_flow_plates/64de505bd2bac82b_patente.jpg,XIIUME,100.0
2820,XIIUME,1932-01-01,20:01,67.0,40,RUTA 9,R02,APELADA,27.0,25.0,urban_flow/data/raw/imgs/urban_flow_plates/64de505bd2bac82b_patente.jpg,XIIUME,100.0
2863,XIIUME,1932-01-01,00:00,123.0,80,AV SIEMPRE VIVA,R01,APELADA,43.0,39.0,urban_flow/data/raw/imgs/urban_flow_plates/64de505bd2bac82b_patente.jpg,XIIUME,100.0
2870,XIIUME,1932-01-01,00:00,134.0,80,AV LIBERTADOR,R01,IMPAGA,54.0,50.0,urban_flow/data/raw/imgs/urban_flow_plates/64de505bd2bac82b_patente.jpg,XIIUME,100.0
2981,XIIUME,1932-01-01,00:00,81.0,60,RUTA 9,R02,IMPAGA,21.0,18.0,urban_flow/data/raw/imgs/urban_flow_plates/64de505bd2bac82b_patente.jpg,XIIUME,100.0
3707,XIIUME,1932-01-01,20:36,140.0,60,AV LIBERTADOR,R01,IMPAGA,80.0,77.0,urban_flow/data/raw/imgs/urban_flow_plates/64de505bd2bac82b_patente.jpg,XIIUME,100.0
3817,XIIUME,1932-01-01,00:00,129.0,80,AV LIBERTADOR,,APELADA,49.0,45.0,urban_flow/data/raw/imgs/urban_flow_plates/64de505bd2bac82b_patente.jpg,XIIUME,100.0
3851,XIIUME,1932-01-01,16:19,121.0,80,AV LIBERTADOR,,APELADA,41.0,37.0,urban_flow/data/raw/imgs/urban_flow_plates/64de505bd2bac82b_patente.jpg,XIIUME,100.0
3950,XIIUME,1932-01-01,00:00,74.0,40,AV SIEMPRE VIVA,R01,IMPAGA,34.0,32.0,urban_flow/data/raw/imgs/urban_flow_plates/64de505bd2bac82b_patente.jpg,XIIUME,100.0
183,UM96201,1932-01-01,08:08,102.0,40,AV SIEMPRE VIVA,R03,PAGADA,62.0,60.0,urban_flow/data/raw/imgs/urban_flow_plates/09453a7c716a9ef3_patente.jpg,UM96201,100.0
329,UM96201,1932-01-01,18:15,133.0,60,RUTA 9,R03,APELADA,73.0,70.0,urban_flow/data/raw/imgs/urban_flow_plates/09453a7c716a9ef3_patente.jpg,UM96201,100.0
410,UM96201,1932-01-01,00:00,98.0,60,AV SIEMPRE VIVA,R01,PAGADA,38.0,35.0,urban_flow/data/raw/imgs/urban_flow_plates/09453a7c716a9ef3_patente.jpg,UM96201,100.0
484,UM96201,1932-01-01,08:17,77.0,40,AV SIEMPRE VIVA,R02,IMPAGA,37.0,35.0,urban_flow/data/raw/imgs/urban_flow_plates/09453a7c716a9ef3_patente.jpg,UM96201,100.0
505,UM96201,1932-01-01,08:18,131.0,60,RUTA 9,,APELADA,71.0,68.0,urban_flow/data/raw/imgs/urban_flow_plates/09453a7c716a9ef3_patente.jpg,UM96201,100.0
847,UM96201,2021-06-18,18:38,135.0,60,AV SIEMPRE VIVA,R02,APELADA,75.0,72.0,urban_flow/data/raw/imgs/urban_flow_plates/09453a7c716a9ef3_patente.jpg,UM96201,100.0
914,UM96201,1932-01-01,18:41,96.0,80,AV LIBERTADOR,R01,APELADA,16.0,12.0,urban_flow/data/raw/imgs/urban_flow_plates/09453a7c716a9ef3_patente.jpg,UM96201,100.0
1062,UM96201,2023-08-10,18:47,93.0,60,AV LIBERTADOR,R03,PAGADA,33.0,30.0,urban_flow/data/raw/imgs/urban_flow_plates/09453a7c716a9ef3_patente.jpg,UM96201,100.0
1332,UM96201,1932-01-01,18:57,91.0,60,AV LIBERTADOR,R02,APELADA,31.0,28.0,urban_flow/data/raw/imgs/urban_flow_plates/09453a7c716a9ef3_patente.jpg,UM96201,100.0
1391,UM96201,1932-01-01,08:57,94.0,80,RUTA 9,R03,PAGADA,14.0,10.0,urban_flow/data/raw/imgs/urban_flow_plates/09453a7c716a9ef3_patente.jpg,UM96201,100.0
1493,UM96201,1932-01-01,00:00,118.0,40,AV SIEMPRE VIVA,R03,ERROR,78.0,76.0,urban_flow/data/raw/imgs/urban_flow_plates/09453a7c716a9ef3_patente.jpg,UM96201,100.0
1733,UM96201,1932-01-01,19:15,125.0,80,AV LIBERTADOR,R02,APELADA,45.0,41.0,urban_flow/data/raw/imgs/urban_flow_plates/09453a7c716a9ef3_patente.jpg,UM96201,100.0
2019,UM96201,1932-01-01,09:22,112.0,40,AV SIEMPRE VIVA,R02,APELADA,72.0,70.0,urban_flow/data/raw/imgs/urban_flow_plates/09453a7c716a9ef3_patente.jpg,UM96201,100.0
2181,UM96201,1932-01-01,19:33,116.0,40,AV SIEMPRE VIVA,R01,ERROR,76.0,74.0,urban_flow/data/raw/imgs/urban_flow_plates/09453a7c716a9ef3_patente.jpg,UM96201,100.0
2226,UM96201,1932-01-01,00:00,106.0,40,AV LIBERTADOR,R02,PAGADA,66.0,64.0,urban_flow/data/raw/imgs/urban_flow_plates/09453a7c716a9ef3_patente.jpg,UM96201,100.0
2523,UM96201,1932-01-01,09:44,64.0,40,RUTA 9,R03,APELADA,24.0,22.0,urban_flow/data/raw/imgs/urban_flow_plates/09453a7c716a9ef3_patente.jpg,UM96201,100.0
2530,UM96201,1932-01-01,00:00,123.0,80,AV LIBERTADOR,R02,APELADA,43.0,39.0,urban_flow/data/raw/imgs/urban_flow_plates/09453a7c716a9ef3_patente.jpg,UM96201,100.0
2729,UM96201,1932-01-01,00:00,102.0,40,RUTA 9,,IMPAGA,62.0,60.0,urban_flow/data/raw/imgs/urban_flow_plates/09453a7c716a9ef3_patente.jpg,UM96201,100.0
2755,UM96201,1932-01-01,09:54,67.0,40,AV LIBERTADOR,R02,IMPAGA,27.0,25.0,urban_flow/data/raw/imgs/urban_flow_plates/09453a7c716a9ef3_patente.jpg,UM96201,100.0
2786,UM96201,2021-02-02,09:54,99.0,40,AV LIBERTADOR,R03,APELADA,59.0,57.0,urban_flow/data/raw/imgs/urban_flow_plates/09453a7c716a9ef3_patente.jpg,UM96201,100.0
2854,UM96201,1932-01-01,00:00,129.0,80,AV SIEMPRE VIVA,R01,PAGADA,49.0,45.0,urban_flow/data/raw/imgs/urban_flow_plates/09453a7c716a9ef3_patente.jpg,UM96201,100.0
3010,UM96201,1932-01-01,20:08,57.0,40,AV SIEMPRE VIVA,R03,PAGADA,17.0,15.0,urban_flow/data/raw/imgs/urban_flow_plates/09453a7c716a9ef3_patente.jpg,UM96201,100.0
3104,UM96201,1932-01-01,20:12,90.0,60,AV SIEMPRE VIVA,,APELADA,30.0,27.0,urban_flow/data/raw/imgs/urban_flow_plates/09453a7c716a9ef3_patente.jpg,UM96201,100.0
3181,UM96201,1932-01-01,20:15,123.0,60,RUTA 9,,PAGADA,63.0,60.0,urban_flow/data/raw/imgs/urban_flow_plates/09453a7c716a9ef3_patente.jpg,UM96201,100.0
3288,UM96201,1932-01-01,00:00,110.0,80,RUTA 9,R02,PAGADA,30.0,26.0,urban_flow/data/raw/imgs/urban_flow_plates/09453a7c716a9ef3_patente.jpg,UM96201,100.0
3566,UM96201,2020-03-21,00:00,68.0,60,RUTA 9,R02,APELADA,8.0,5.0,urban_flow/data/raw/imgs/urban_flow_plates/09453a7c716a9ef3_patente.jpg,UM96201,100.0
3629,UM96201,1932-01-01,00:00,92.0,80,AV SIEMPRE VIVA,R02,PAGADA,12.0,8.0,urban_flow/data/raw/imgs/urban_flow_plates/09453a7c716a9ef3_patente.jpg,UM96201,100.0
3664,UM96201,1932-01-01,00:00,124.0,80,AV LIBERTADOR,,PAGADA,44.0,40.0,urban_flow/data/raw/imgs/urban_flow_plates/09453a7c716a9ef3_patente.jpg,UM96201,100.0
3668,UM96201,1932-01-01,20:34,140.0,60,RUTA 9,,APELADA,80.0,77.0,urban_flow/data/raw/imgs/urban_flow_plates/09453a7c716a9ef3_patente.jpg,UM96201,100.0
3734,UM96201,1932-01-01,20:37,95.0,80,RUTA 9,R01,APELADA,15.0,11.0,urban_flow/data/raw/imgs/urban_flow_plates/09453a7c716a9ef3_patente.jpg,UM96201,100.0
397,HF3461,1932-01-01,00:00,94.0,80,RUTA 9,R02,APELADA,14.0,10.0,urban_flow/data/raw/imgs/urban_flow_plates/a6e3b0b73220cd32_patente.jpg,HF3461,100.0
495,HF3461,2023-09-15,00:00,111.0,80,AV LIBERTADOR,R01,ERROR,31.0,27.0,urban_flow/data/raw/imgs/urban_flow_plates/a6e3b0b73220cd32_patente.jpg,HF3461,100.0
524,HF3461,1932-01-01,18:24,87.0,80,AV LIBERTADOR,R03,IMPAGA,7.0,3.0,urban_flow/data/raw/imgs/urban_flow_plates/a6e3b0b73220cd32_patente.jpg,HF3461,100.0
578,HF3461,1932-01-01,00:00,126.0,80,AV SIEMPRE VIVA,R02,APELADA,46.0,42.0,urban_flow/data/raw/imgs/urban_flow_plates/a6e3b0b73220cd32_patente.jpg,HF3461,100.0
587,HF3461,1932-01-01,00:00,100.0,40,AV SIEMPRE VIVA,R01,PAGADA,60.0,58.0,urban_flow/data/raw/imgs/urban_flow_plates/a6e3b0b73220cd32_patente.jpg,HF3461,100.0
712,HF3461,1932-01-01,18:32,119.0,40,AV SIEMPRE VIVA,R03,ERROR,79.0,77.0,urban_flow/data/raw/imgs/urban_flow_plates/a6e3b0b73220cd32_patente.jpg,HF3461,100.0
741,HF3461,1932-01-01,14:26,130.0,80,RUTA 9,,IMPAGA,50.0,46.0,urban_flow/data/raw/imgs/urban_flow_plates/a6e3b0b73220cd32_patente.jpg,HF3461,100.0
902,HF3461,1932-01-01,14:33,123.0,60,AV LIBERTADOR,,PAGADA,63.0,60.0,urban_flow/data/raw/imgs/urban_flow_plates/a6e3b0b73220cd32_patente.jpg,HF3461,100.0
1009,HF3461,1932-01-01,18:45,132.0,80,AV SIEMPRE VIVA,R03,APELADA,52.0,48.0,urban_flow/data/raw/imgs/urban_flow_plates/a6e3b0b73220cd32_patente.jpg,HF3461,100.0
1012,HF3461,1932-01-01,00:00,74.0,40,RUTA 9,,ERROR,34.0,32.0,urban_flow/data/raw/imgs/urban_flow_plates/a6e3b0b73220cd32_patente.jpg,HF3461,100.0
1027,HF3461,1932-01-01,08:40,117.0,60,AV SIEMPRE VIVA,,APELADA,57.0,54.0,urban_flow/data/raw/imgs/urban_flow_plates/a6e3b0b73220cd32_patente.jpg,HF3461,100.0
1065,HF3461,1932-01-01,08:42,120.0,80,AV SIEMPRE VIVA,,PAGADA,40.0,36.0,urban_flow/data/raw/imgs/urban_flow_plates/a6e3b0b73220cd32_patente.jpg,HF3461,100.0
1204,HF3461,1932-01-01,18:53,94.0,80,AV SIEMPRE VIVA,R01,PAGADA,14.0,10.0,urban_flow/data/raw/imgs/urban_flow_plates/a6e3b0b73220cd32_patente.jpg,HF3461,100.0
1410,HF3461,1932-01-01,00:00,65.0,60,AV SIEMPRE VIVA,,PAGADA,5.0,2.0,urban_flow/data/raw/imgs/urban_flow_plates/a6e3b0b73220cd32_patente.jpg,HF3461,100.0
1427,HF3461,1932-01-01,00:00,98.0,40,AV LIBERTADOR,R01,PAGADA,58.0,56.0,urban_flow/data/raw/imgs/urban_flow_plates/a6e3b0b73220cd32_patente.jpg,HF3461,100.0
1622,HF3461,1932-01-01,14:59,45.0,40,RUTA 9,R01,IMPAGA,5.0,3.0,urban_flow/data/raw/imgs/urban_flow_plates/a6e3b0b73220cd32_patente.jpg,HF3461,100.0
1632,HF3461,1932-01-01,00:00,57.0,40,AV SIEMPRE VIVA,R01,APELADA,17.0,15.0,urban_flow/data/raw/imgs/urban_flow_plates/a6e3b0b73220cd32_patente.jpg,HF3461,100.0
1853,HF3461,1932-01-01,00:00,79.0,60,AV SIEMPRE VIVA,,PAGADA,19.0,16.0,urban_flow/data/raw/imgs/urban_flow_plates/a6e3b0b73220cd32_patente.jpg,HF3461,100.0
2002,HF3461,2021-04-10,00:00,100.0,80,RUTA 9,R01,APELADA,20.0,16.0,urban_flow/data/raw/imgs/urban_flow_plates/a6e3b0b73220cd32_patente.jpg,HF3461,100.0
2225,HF3461,1932-01-01,00:00,81.0,60,RUTA 9,R03,PAGADA,21.0,18.0,urban_flow/data/raw/imgs/urban_flow_plates/a6e3b0b73220cd32_patente.jpg,HF3461,100.0
2434,HF3461,1932-01-01,00:00,57.0,40,RUTA 9,R01,APELADA,17.0,15.0,urban_flow/data/raw/imgs/urban_flow_plates/a6e3b0b73220cd32_patente.jpg,HF3461,100.0
2566,HF3461,1932-01-01,15:31,118.0,80,RUTA 9,R02,APELADA,38.0,34.0,urban_flow/data/raw/imgs/urban_flow_plates/a6e3b0b73220cd32_patente.jpg,HF3461,100.0
2600,HF3461,1932-01-01,00:00,127.0,80,RUTA 9,R03,APELADA,47.0,43.0,urban_flow/data/raw/imgs/urban_flow_plates/a6e3b0b73220cd32_patente.jpg,HF3461,100.0
2674,HF3461,1932-01-01,00:00,62.0,40,AV SIEMPRE VIVA,R03,ERROR,22.0,20.0,urban_flow/data/raw/imgs/urban_flow_plates/a6e3b0b73220cd32_patente.jpg,HF3461,100.0
2716,HF3461,2023-03-19,19:57,142.0,80,AV LIBERTADOR,R03,ERROR,62.0,58.0,urban_flow/data/raw/imgs/urban_flow_plates/a6e3b0b73220cd32_patente.jpg,HF3461,100.0
2769,HF3461,2021-10-01,00:00,102.0,80,AV LIBERTADOR,R03,IMPAGA,22.0,18.0,urban_flow/data/raw/imgs/urban_flow_plates/a6e3b0b73220cd32_patente.jpg,HF3461,100.0
3162,HF3461,2023-02-28,00:00,124.0,60,AV LIBERTADOR,R03,IMPAGA,64.0,61.0,urban_flow/data/raw/imgs/urban_flow_plates/a6e3b0b73220cd32_patente.jpg,HF3461,100.0
3231,HF3461,1932-01-01,20:18,101.0,40,AV LIBERTADOR,R03,IMPAGA,61.0,59.0,urban_flow/data/raw/imgs/urban_flow_plates/a6e3b0b73220cd32_patente.jpg,HF3461,100.0
3394,HF3461,2023-12-22,20:25,131.0,60,AV LIBERTADOR,R01,APELADA,71.0,68.0,urban_flow/data/raw/imgs/urban_flow_plates/a6e3b0b73220cd32_patente.jpg,HF3461,100.0
3474,HF3461,1932-01-01,20:28,99.0,80,RUTA 9,R01,IMPAGA,19.0,15.0,urban_flow/data/raw/imgs/urban_flow_plates/a6e3b0b73220cd32_patente.jpg,HF3461,100.0
3478,HF3461,2020-06-14,20:28,50.0,40,AV SIEMPRE VIVA,R03,IMPAGA,10.0,8.0,urban_flow/data/raw/imgs/urban_flow_plates/a6e3b0b73220cd32_patente.jpg,HF3461,100.0
3676,HF3461,1932-01-01,10:31,126.0,80,AV SIEMPRE VIVA,,APELADA,46.0,42.0,urban_flow/data/raw/imgs/urban_flow_plates/a6e3b0b73220cd32_patente.jpg,HF3461,100.0
3773,HF3461,1932-01-01,20:40,76.0,40,AV LIBERTADOR,,IMPAGA,36.0,34.0,urban_flow/data/raw/imgs/urban_flow_plates/a6e3b0b73220cd32_patente.jpg,HF3461,100.0
3788,HF3461,1932-01-01,16:16,98.0,80,RUTA 9,R02,ERROR,18.0,14.0,urban_flow/data/raw/imgs/urban_flow_plates/a6e3b0b73220cd32_patente.jpg,HF3461,100.0
3798,HF3461,2023-12-10,00:00,79.0,40,AV SIEMPRE VIVA,R02,PAGADA,39.0,37.0,urban_flow/data/raw/imgs/urban_flow_plates/a6e3b0b73220cd32_patente.jpg,HF3461,100.0
3833,HF3461,1932-01-01,16:18,97.0,40,AV SIEMPRE VIVA,,PAGADA,57.0,55.0,urban_flow/data/raw/imgs/urban_flow_plates/a6e3b0b73220cd32_patente.jpg,HF3461,100.0
3878,HF3461,2021-12-26,00:00,151.0,80,AV SIEMPRE VIVA,,APELADA,71.0,67.0,urban_flow/data/raw/imgs/urban_flow_plates/a6e3b0b73220cd32_patente.jpg,HF3461,100.0
211,2999961,1932-01-01,00:00,97.0,80,RUTA 9,R03,PAGADA,17.0,13.0,urban_flow/data/raw/imgs/urban_flow_plates/5ff91ccfc6f15d04_patente.jpg,2999961,100.0
473,2999961,2021-03-29,18:22,99.0,60,AV SIEMPRE VIVA,R03,IMPAGA,39.0,36.0,urban_flow/data/raw/imgs/urban_flow_plates/5ff91ccfc6f15d04_patente.jpg,2999961,100.0
733,2999961,1932-01-01,00:00,127.0,60,RUTA 9,R01,APELADA,67.0,64.0,urban_flow/data/raw/imgs/urban_flow_plates/5ff91ccfc6f15d04_patente.jpg,2999961,100.0
946,2999961,1932-01-01,00:00,97.0,80,AV SIEMPRE VIVA,R02,PAGADA,17.0,13.0,urban_flow/data/raw/imgs/urban_flow_plates/5ff91ccfc6f15d04_patente.jpg,2999961,100.0
1127,2999961,1932-01-01,00:00,88.0,60,AV LIBERTADOR,R02,APELADA,28.0,25.0,urban_flow/data/raw/imgs/urban_flow_plates/5ff91ccfc6f15d04_patente.jpg,2999961,100.0
1169,2999961,1932-01-01,00:00,155.0,80,RUTA 9,R02,APELADA,75.0,71.0,urban_flow/data/raw/imgs/urban_flow_plates/5ff91ccfc6f15d04_patente.jpg,2999961,100.0
1173,2999961,1932-01-01,14:43,112.0,80,RUTA 9,,PAGADA,32.0,28.0,urban_flow/data/raw/imgs/urban_flow_plates/5ff91ccfc6f15d04_patente.jpg,2999961,100.0
1309,2999961,2023-05-12,14:47,122.0,60,AV LIBERTADOR,R01,PAGADA,62.0,59.0,urban_flow/data/raw/imgs/urban_flow_plates/5ff91ccfc6f15d04_patente.jpg,2999961,100.0
1388,2999961,1932-01-01,14:50,118.0,80,AV LIBERTADOR,R03,IMPAGA,38.0,34.0,urban_flow/data/raw/imgs/urban_flow_plates/5ff91ccfc6f15d04_patente.jpg,2999961,100.0
1562,2999961,1932-01-01,09:04,80.0,40,AV SIEMPRE VIVA,R02,APELADA,40.0,38.0,urban_flow/data/raw/imgs/urban_flow_plates/5ff91ccfc6f15d04_patente.jpg,2999961,100.0
1907,2999961,1932-01-01,00:00,157.0,80,RUTA 9,R03,IMPAGA,77.0,73.0,urban_flow/data/raw/imgs/urban_flow_plates/5ff91ccfc6f15d04_patente.jpg,2999961,100.0
2120,2999961,1932-01-01,09:27,139.0,60,RUTA 9,R02,APELADA,79.0,76.0,urban_flow/data/raw/imgs/urban_flow_plates/5ff91ccfc6f15d04_patente.jpg,2999961,100.0
2565,2999961,1932-01-01,00:00,128.0,60,AV SIEMPRE VIVA,R02,ERROR,68.0,65.0,urban_flow/data/raw/imgs/urban_flow_plates/5ff91ccfc6f15d04_patente.jpg,2999961,100.0
2885,2999961,1932-01-01,00:00,55.0,40,RUTA 9,R03,PAGADA,15.0,13.0,urban_flow/data/raw/imgs/urban_flow_plates/5ff91ccfc6f15d04_patente.jpg,2999961,100.0
2973,2999961,1932-01-01,10:02,102.0,80,AV SIEMPRE VIVA,R01,APELADA,22.0,18.0,urban_flow/data/raw/imgs/urban_flow_plates/5ff91ccfc6f15d04_patente.jpg,2999961,100.0
3200,2999961,1932-01-01,00:00,126.0,80,AV LIBERTADOR,,PAGADA,46.0,42.0,urban_flow/data/raw/imgs/urban_flow_plates/5ff91ccfc6f15d04_patente.jpg,2999961,100.0
3243,2999961,1932-01-01,20:19,102.0,80,AV LIBERTADOR,R01,ERROR,22.0,18.0,urban_flow/data/raw/imgs/urban_flow_plates/5ff91ccfc6f15d04_patente.jpg,2999961,100.0
3373,2999961,1932-01-01,20:24,49.0,40,AV SIEMPRE VIVA,R03,APELADA,9.0,7.0,urban_flow/data/raw/imgs/urban_flow_plates/5ff91ccfc6f15d04_patente.jpg,2999961,100.0
3829,2999961,1932-01-01,00:00,109.0,80,AV SIEMPRE VIVA,R02,IMPAGA,29.0,25.0,urban_flow/data/raw/imgs/urban_flow_plates/5ff91ccfc6f15d04_patente.jpg,2999961,100.0
61,VY90540,2022-11-08,00:00,99.0,80,RUTA 9,R01,ERROR,19.0,15.0,urban_flow/data/raw/imgs/urban_flow_plates/288a95c01e43cd14_patente_1.jpg,VY90540,100.0
191,VY90540,1932-01-01,08:08,98.0,60,RUTA 9,,IMPAGA,38.0,35.0,urban_flow/data/raw/imgs/urban_flow_plates/288a95c01e43cd14_patente_1.jpg,VY90540,100.0
248,VY90540,2020-08-30,18:11,123.0,60,AV LIBERTADOR,,ERROR,63.0,60.0,urban_flow/data/raw/imgs/urban_flow_plates/288a95c01e43cd14_patente_1.jpg,VY90540,100.0
298,VY90540,1932-01-01,00:00,99.0,80,RUTA 9,R01,ERROR,19.0,15.0,urban_flow/data/raw/imgs/urban_flow_plates/288a95c01e43cd14_patente_1.jpg,VY90540,100.0
433,VY90540,1932-01-01,08:16,66.0,60,RUTA 9,R03,APELADA,6.0,3.0,urban_flow/data/raw/imgs/urban_flow_plates/288a95c01e43cd14_patente_1.jpg,VY90540,100.0
509,VY90540,1932-01-01,14:16,143.0,80,RUTA 9,,ERROR,63.0,59.0,urban_flow/data/raw/imgs/urban_flow_plates/288a95c01e43cd14_patente_1.jpg,VY90540,100.0
544,VY90540,1932-01-01,18:25,101.0,80,AV SIEMPRE VIVA,,ERROR,21.0,17.0,urban_flow/data/raw/imgs/urban_flow_plates/288a95c01e43cd14_patente_1.jpg,VY90540,100.0
686,VY90540,1932-01-01,00:00,131.0,80,AV LIBERTADOR,,IMPAGA,51.0,47.0,urban_flow/data/raw/imgs/urban_flow_plates/288a95c01e43cd14_patente_1.jpg,VY90540,100.0
690,VY90540,2020-07-18,18:32,119.0,80,AV LIBERTADOR,,APELADA,39.0,35.0,urban_flow/data/raw/imgs/urban_flow_plates/288a95c01e43cd14_patente_1.jpg,VY90540,100.0
995,VY90540,1932-01-01,14:36,89.0,60,AV LIBERTADOR,R03,IMPAGA,29.0,26.0,urban_flow/data/raw/imgs/urban_flow_plates/288a95c01e43cd14_patente_1.jpg,VY90540,100.0
1035,VY90540,1932-01-01,08:41,118.0,40,AV LIBERTADOR,R02,PAGADA,78.0,76.0,urban_flow/data/raw/imgs/urban_flow_plates/288a95c01e43cd14_patente_1.jpg,VY90540,100.0
1326,VY90540,1932-01-01,18:57,145.0,80,AV LIBERTADOR,R03,APELADA,65.0,61.0,urban_flow/data/raw/imgs/urban_flow_plates/288a95c01e43cd14_patente_1.jpg,VY90540,100.0
1570,VY90540,1932-01-01,14:58,58.0,40,RUTA 9,R01,APELADA,18.0,16.0,urban_flow/data/raw/imgs/urban_flow_plates/288a95c01e43cd14_patente_1.jpg,VY90540,100.0
1956,VY90540,2022-06-21,00:00,46.0,40,RUTA 9,R02,ERROR,6.0,4.0,urban_flow/data/raw/imgs/urban_flow_plates/288a95c01e43cd14_patente_1.jpg,VY90540,100.0
1970,VY90540,1932-01-01,09:21,116.0,60,RUTA 9,R02,PAGADA,56.0,53.0,urban_flow/data/raw/imgs/urban_flow_plates/288a95c01e43cd14_patente_1.jpg,VY90540,100.0
2082,VY90540,1932-01-01,09:25,58.0,40,AV SIEMPRE VIVA,R02,ERROR,18.0,16.0,urban_flow/data/raw/imgs/urban_flow_plates/288a95c01e43cd14_patente_1.jpg,VY90540,100.0
2161,VY90540,2021-05-15,00:00,95.0,40,AV LIBERTADOR,R01,ERROR,55.0,53.0,urban_flow/data/raw/imgs/urban_flow_plates/288a95c01e43cd14_patente_1.jpg,VY90540,100.0
2637,VY90540,1932-01-01,09:49,55.0,40,AV LIBERTADOR,R02,APELADA,15.0,13.0,urban_flow/data/raw/imgs/urban_flow_plates/288a95c01e43cd14_patente_1.jpg,VY90540,100.0
2697,VY90540,1932-01-01,09:51,74.0,60,AV SIEMPRE VIVA,R02,APELADA,14.0,11.0,urban_flow/data/raw/imgs/urban_flow_plates/288a95c01e43cd14_patente_1.jpg,VY90540,100.0
2887,VY90540,1932-01-01,20:03,118.0,40,RUTA 9,R02,IMPAGA,78.0,76.0,urban_flow/data/raw/imgs/urban_flow_plates/288a95c01e43cd14_patente_1.jpg,VY90540,100.0
3066,VY90540,1932-01-01,20:10,102.0,40,AV LIBERTADOR,R02,PAGADA,62.0,60.0,urban_flow/data/raw/imgs/urban_flow_plates/288a95c01e43cd14_patente_1.jpg,VY90540,100.0
3236,VY90540,1932-01-01,20:19,71.0,60,AV SIEMPRE VIVA,R01,ERROR,11.0,8.0,urban_flow/data/raw/imgs/urban_flow_plates/288a95c01e43cd14_patente_1.jpg,VY90540,100.0
3242,VY90540,1932-01-01,00:00,94.0,40,AV LIBERTADOR,R02,PAGADA,54.0,52.0,urban_flow/data/raw/imgs/urban_flow_plates/288a95c01e43cd14_patente_1.jpg,VY90540,100.0
3432,VY90540,1932-01-01,10:21,127.0,80,RUTA 9,,APELADA,47.0,43.0,urban_flow/data/raw/imgs/urban_flow_plates/288a95c01e43cd14_patente_1.jpg,VY90540,100.0
3488,VY90540,1932-01-01,00:00,91.0,80,AV SIEMPRE VIVA,R01,PAGADA,11.0,7.0,urban_flow/data/raw/imgs/urban_flow_plates/288a95c01e43cd14_patente_1.jpg,VY90540,100.0
68,HK06YMX,2020-11-11,14:03,76.0,40,AV SIEMPRE VIVA,,PAGADA,36.0,34.0,urban_flow/data/raw/imgs/urban_flow_plates/9a4fe6361597f264_patente.jpg,HKO6YMX,85.71
72,HK06YMX,1932-01-01,14:03,104.0,60,AV SIEMPRE VIVA,R02,PAGADA,44.0,41.0,urban_flow/data/raw/imgs/urban_flow_plates/9a4fe6361597f264_patente.jpg,HKO6YMX,85.71
332,HK06YMX,2023-10-09,00:00,151.0,80,AV SIEMPRE VIVA,,PAGADA,71.0,67.0,urban_flow/data/raw/imgs/urban_flow_plates/9a4fe6361597f264_patente.jpg,HKO6YMX,85.71
364,HK06YMX,1932-01-01,14:12,90.0,40,AV LIBERTADOR,R02,PAGADA,50.0,48.0,urban_flow/data/raw/imgs/urban_flow_plates/9a4fe6361597f264_patente.jpg,HKO6YMX,85.71
455,HK06YMX,1932-01-01,00:00,82.0,40,AV SIEMPRE VIVA,,ERROR,42.0,40.0,urban_flow/data/raw/imgs/urban_flow_plates/9a4fe6361597f264_patente.jpg,HKO6YMX,85.71
647,HK06YMX,1932-01-01,14:22,95.0,80,RUTA 9,R03,IMPAGA,15.0,11.0,urban_flow/data/raw/imgs/urban_flow_plates/9a4fe6361597f264_patente.jpg,HKO6YMX,85.71
973,HK06YMX,1932-01-01,00:00,121.0,60,AV LIBERTADOR,R02,PAGADA,61.0,58.0,urban_flow/data/raw/imgs/urban_flow_plates/9a4fe6361597f264_patente.jpg,HKO6YMX,85.71
1184,HK06YMX,1932-01-01,18:52,116.0,60,AV SIEMPRE VIVA,R01,ERROR,56.0,53.0,urban_flow/data/raw/imgs/urban_flow_plates/9a4fe6361597f264_patente.jpg,HKO6YMX,85.71
1379,HK06YMX,1932-01-01,14:49,91.0,60,RUTA 9,,PAGADA,31.0,28.0,urban_flow/data/raw/imgs/urban_flow_plates/9a4fe6361597f264_patente.jpg,HKO6YMX,85.71
1476,HK06YMX,1932-01-01,19:04,125.0,80,AV LIBERTADOR,R01,ERROR,45.0,41.0,urban_flow/data/raw/imgs/urban_flow_plates/9a4fe6361597f264_patente.jpg,HKO6YMX,85.71
1535,HK06YMX,2021-05-07,00:00,128.0,60,RUTA 9,R01,ERROR,68.0,65.0,urban_flow/data/raw/imgs/urban_flow_plates/9a4fe6361597f264_patente.jpg,HKO6YMX,85.71
1654,HK06YMX,1932-01-01,15:00,160.0,80,RUTA 9,,PAGADA,80.0,76.0,urban_flow/data/raw/imgs/urban_flow_plates/9a4fe6361597f264_patente.jpg,HKO6YMX,85.71
2026,HK06YMX,1932-01-01,19:27,116.0,40,RUTA 9,,ERROR,76.0,74.0,urban_flow/data/raw/imgs/urban_flow_plates/9a4fe6361597f264_patente.jpg,HKO6YMX,85.71
2112,HK06YMX,1932-01-01,00:00,148.0,80,AV SIEMPRE VIVA,R03,APELADA,68.0,64.0,urban_flow/data/raw/imgs/urban_flow_plates/9a4fe6361597f264_patente.jpg,HKO6YMX,85.71
2141,HK06YMX,1932-01-01,00:00,149.0,80,AV LIBERTADOR,R01,IMPAGA,69.0,65.0,urban_flow/data/raw/imgs/urban_flow_plates/9a4fe6361597f264_patente.jpg,HKO6YMX,85.71
2419,HK06YMX,1932-01-01,00:00,100.0,80,AV LIBERTADOR,R01,PAGADA,20.0,16.0,urban_flow/data/raw/imgs/urban_flow_plates/9a4fe6361597f264_patente.jpg,HKO6YMX,85.71
2518,HK06YMX,1932-01-01,15:29,49.0,40,AV SIEMPRE VIVA,R03,APELADA,9.0,7.0,urban_flow/data/raw/imgs/urban_flow_plates/9a4fe6361597f264_patente.jpg,HKO6YMX,85.71
2738,HK06YMX,1932-01-01,15:36,119.0,40,RUTA 9,R03,APELADA,79.0,77.0,urban_flow/data/raw/imgs/urban_flow_plates/9a4fe6361597f264_patente.jpg,HKO6YMX,85.71
3217,HK06YMX,1932-01-01,00:00,136.0,60,AV LIBERTADOR,,ERROR,76.0,73.0,urban_flow/data/raw/imgs/urban_flow_plates/9a4fe6361597f264_patente.jpg,HKO6YMX,85.71
3233,HK06YMX,1932-01-01,00:00,105.0,40,AV LIBERTADOR,,IMPAGA,65.0,63.0,urban_flow/data/raw/imgs/urban_flow_plates/9a4fe6361597f264_patente.jpg,HKO6YMX,85.71
3266,HK06YMX,2022-07-22,10:12,65.0,40,AV LIBERTADOR,R01,IMPAGA,25.0,23.0,urban_flow/data/raw/imgs/urban_flow_plates/9a4fe6361597f264_patente.jpg,HKO6YMX,85.71
3449,HK06YMX,2020-11-29,20:27,84.0,40,AV LIBERTADOR,R01,ERROR,44.0,42.0,urban_flow/data/raw/imgs/urban_flow_plates/9a4fe6361597f264_patente.jpg,HKO6YMX,85.71
3679,HK06YMX,1932-01-01,16:12,108.0,40,AV LIBERTADOR,R02,PAGADA,68.0,66.0,urban_flow/data/raw/imgs/urban_flow_plates/9a4fe6361597f264_patente.jpg,HKO6YMX,85.71
3683,HK06YMX,2020-09-08,10:32,65.0,60,AV LIBERTADOR,R01,PAGADA,5.0,2.0,urban_flow/data/raw/imgs/urban_flow_plates/9a4fe6361597f264_patente.jpg,HKO6YMX,85.71
3703,HK06YMX,1932-01-01,00:00,156.0,80,AV LIBERTADOR,R02,APELADA,76.0,72.0,urban_flow/data/raw/imgs/urban_flow_plates/9a4fe6361597f264_patente.jpg,HKO6YMX,85.71
93,3646HBH,1932-01-01,08:04,73.0,60,AV LIBERTADOR,R01,IMPAGA,13.0,10.0,urban_flow/data/raw/imgs/urban_flow_plates/d3729058c6a4186e_patente.jpg,3646HBH,100.0
193,3646HBH,1932-01-01,00:00,117.0,40,AV SIEMPRE VIVA,R01,PAGADA,77.0,75.0,urban_flow/data/raw/imgs/urban_flow_plates/d3729058c6a4186e_patente.jpg,3646HBH,100.0
444,3646HBH,1932-01-01,00:00,74.0,60,AV LIBERTADOR,R02,PAGADA,14.0,11.0,urban_flow/data/raw/imgs/urban_flow_plates/d3729058c6a4186e_patente.jpg,3646HBH,100.0
1018,3646HBH,1932-01-01,18:45,126.0,60,AV SIEMPRE VIVA,R03,ERROR,66.0,63.0,urban_flow/data/raw/imgs/urban_flow_plates/d3729058c6a4186e_patente.jpg,3646HBH,100.0
1125,3646HBH,2021-08-03,08:44,142.0,80,AV LIBERTADOR,,ERROR,62.0,58.0,urban_flow/data/raw/imgs/urban_flow_plates/d3729058c6a4186e_patente.jpg,3646HBH,100.0
1452,3646HBH,1932-01-01,08:59,154.0,80,RUTA 9,R02,ERROR,74.0,70.0,urban_flow/data/raw/imgs/urban_flow_plates/d3729058c6a4186e_patente.jpg,3646HBH,100.0
1530,3646HBH,1932-01-01,09:03,123.0,80,AV LIBERTADOR,,PAGADA,43.0,39.0,urban_flow/data/raw/imgs/urban_flow_plates/d3729058c6a4186e_patente.jpg,3646HBH,100.0
1630,3646HBH,1932-01-01,09:07,112.0,40,AV LIBERTADOR,R03,IMPAGA,72.0,70.0,urban_flow/data/raw/imgs/urban_flow_plates/d3729058c6a4186e_patente.jpg,3646HBH,100.0
1840,3646HBH,1932-01-01,09:15,86.0,40,AV LIBERTADOR,R03,APELADA,46.0,44.0,urban_flow/data/raw/imgs/urban_flow_plates/d3729058c6a4186e_patente.jpg,3646HBH,100.0
2009,3646HBH,1932-01-01,00:00,120.0,60,AV SIEMPRE VIVA,R02,IMPAGA,60.0,57.0,urban_flow/data/raw/imgs/urban_flow_plates/d3729058c6a4186e_patente.jpg,3646HBH,100.0
2036,3646HBH,1932-01-01,09:23,86.0,40,RUTA 9,R01,ERROR,46.0,44.0,urban_flow/data/raw/imgs/urban_flow_plates/d3729058c6a4186e_patente.jpg,3646HBH,100.0
2199,3646HBH,2020-03-26,00:00,145.0,80,AV LIBERTADOR,,PAGADA,65.0,61.0,urban_flow/data/raw/imgs/urban_flow_plates/d3729058c6a4186e_patente.jpg,3646HBH,100.0
2296,3646HBH,1932-01-01,00:00,116.0,60,RUTA 9,R02,PAGADA,56.0,53.0,urban_flow/data/raw/imgs/urban_flow_plates/d3729058c6a4186e_patente.jpg,3646HBH,100.0
2384,3646HBH,1932-01-01,00:00,68.0,40,AV LIBERTADOR,R01,IMPAGA,28.0,26.0,urban_flow/data/raw/imgs/urban_flow_plates/d3729058c6a4186e_patente.jpg,3646HBH,100.0
2442,3646HBH,2020-11-24,15:27,120.0,40,AV LIBERTADOR,,PAGADA,80.0,78.0,urban_flow/data/raw/imgs/urban_flow_plates/d3729058c6a4186e_patente.jpg,3646HBH,100.0
2608,3646HBH,1932-01-01,19:51,69.0,60,AV LIBERTADOR,R02,APELADA,9.0,6.0,urban_flow/data/raw/imgs/urban_flow_plates/d3729058c6a4186e_patente.jpg,3646HBH,100.0
2745,3646HBH,1932-01-01,00:00,77.0,40,AV SIEMPRE VIVA,R03,APELADA,37.0,35.0,urban_flow/data/raw/imgs/urban_flow_plates/d3729058c6a4186e_patente.jpg,3646HBH,100.0
2908,3646HBH,2022-11-12,00:00,138.0,80,AV SIEMPRE VIVA,R03,APELADA,58.0,54.0,urban_flow/data/raw/imgs/urban_flow_plates/d3729058c6a4186e_patente.jpg,3646HBH,100.0
2961,3646HBH,1932-01-01,10:02,127.0,60,AV LIBERTADOR,R03,ERROR,67.0,64.0,urban_flow/data/raw/imgs/urban_flow_plates/d3729058c6a4186e_patente.jpg,3646HBH,100.0
3171,3646HBH,1932-01-01,20:14,131.0,80,AV LIBERTADOR,R01,IMPAGA,51.0,47.0,urban_flow/data/raw/imgs/urban_flow_plates/d3729058c6a4186e_patente.jpg,3646HBH,100.0
3346,3646HBH,1932-01-01,10:16,106.0,80,RUTA 9,R01,IMPAGA,26.0,22.0,urban_flow/data/raw/imgs/urban_flow_plates/d3729058c6a4186e_patente.jpg,3646HBH,100.0
3384,3646HBH,2021-10-07,00:00,101.0,80,AV LIBERTADOR,R02,IMPAGA,21.0,17.0,urban_flow/data/raw/imgs/urban_flow_plates/d3729058c6a4186e_patente.jpg,3646HBH,100.0
3489,3646HBH,2022-04-24,00:00,82.0,40,AV LIBERTADOR,R03,APELADA,42.0,40.0,urban_flow/data/raw/imgs/urban_flow_plates/d3729058c6a4186e_patente.jpg,3646HBH,100.0
3555,3646HBH,2020-06-29,16:05,104.0,80,RUTA 9,R03,APELADA,24.0,20.0,urban_flow/data/raw/imgs/urban_flow_plates/d3729058c6a4186e_patente.jpg,3646HBH,100.0
3728,3646HBH,1932-01-01,10:33,138.0,60,AV LIBERTADOR,R01,APELADA,78.0,75.0,urban_flow/data/raw/imgs/urban_flow_plates/d3729058c6a4186e_patente.jpg,3646HBH,100.0
3860,3646HBH,1932-01-01,00:00,112.0,80,RUTA 9,R01,PAGADA,32.0,28.0,urban_flow/data/raw/imgs/urban_flow_plates/d3729058c6a4186e_patente.jpg,3646HBH,100.0
3870,3646HBH,1932-01-01,10:38,47.0,40,RUTA 9,R03,ERROR,7.0,5.0,urban_flow/data/raw/imgs/urban_flow_plates/d3729058c6a4186e_patente.jpg,3646HBH,100.0
228,CT5B876,1932-01-01,18:10,141.0,80,RUTA 9,R02,APELADA,61.0,57.0,urban_flow/data/raw/imgs/urban_flow_plates/39c193bcc0c00f9e_patente.jpg,C75B876,85.71
241,CT5B876,1932-01-01,18:11,65.0,40,RUTA 9,R03,ERROR,25.0,23.0,urban_flow/data/raw/imgs/urban_flow_plates/39c193bcc0c00f9e_patente.jpg,C75B876,85.71
413,CT5B876,1932-01-01,18:19,104.0,60,AV SIEMPRE VIVA,,PAGADA,44.0,41.0,urban_flow/data/raw/imgs/urban_flow_plates/39c193bcc0c00f9e_patente.jpg,C75B876,85.71
732,CT5B876,1932-01-01,14:25,88.0,80,AV SIEMPRE VIVA,R01,IMPAGA,8.0,4.0,urban_flow/data/raw/imgs/urban_flow_plates/39c193bcc0c00f9e_patente.jpg,C75B876,85.71
887,CT5B876,1932-01-01,00:00,83.0,40,RUTA 9,R02,ERROR,43.0,41.0,urban_flow/data/raw/imgs/urban_flow_plates/39c193bcc0c00f9e_patente.jpg,C75B876,85.71
1193,CT5B876,1932-01-01,18:52,46.0,40,RUTA 9,R03,ERROR,6.0,4.0,urban_flow/data/raw/imgs/urban_flow_plates/39c193bcc0c00f9e_patente.jpg,C75B876,85.71
1449,CT5B876,1932-01-01,08:59,96.0,40,AV SIEMPRE VIVA,R02,PAGADA,56.0,54.0,urban_flow/data/raw/imgs/urban_flow_plates/39c193bcc0c00f9e_patente.jpg,C75B876,85.71
1790,CT5B876,2023-03-24,15:05,59.0,40,AV LIBERTADOR,R03,PAGADA,19.0,17.0,urban_flow/data/raw/imgs/urban_flow_plates/39c193bcc0c00f9e_patente.jpg,C75B876,85.71
1792,CT5B876,1932-01-01,15:05,132.0,60,AV LIBERTADOR,,IMPAGA,72.0,69.0,urban_flow/data/raw/imgs/urban_flow_plates/39c193bcc0c00f9e_patente.jpg,C75B876,85.71
1948,CT5B876,1932-01-01,19:22,155.0,80,RUTA 9,R01,APELADA,75.0,71.0,urban_flow/data/raw/imgs/urban_flow_plates/39c193bcc0c00f9e_patente.jpg,C75B876,85.71
2000,CT5B876,1932-01-01,19:25,86.0,40,RUTA 9,R01,APELADA,46.0,44.0,urban_flow/data/raw/imgs/urban_flow_plates/39c193bcc0c00f9e_patente.jpg,C75B876,85.71
2075,CT5B876,1932-01-01,19:29,103.0,80,AV LIBERTADOR,R02,PAGADA,23.0,19.0,urban_flow/data/raw/imgs/urban_flow_plates/39c193bcc0c00f9e_patente.jpg,C75B876,85.71
2556,CT5B876,1932-01-01,00:00,150.0,80,AV LIBERTADOR,R03,IMPAGA,70.0,66.0,urban_flow/data/raw/imgs/urban_flow_plates/39c193bcc0c00f9e_patente.jpg,C75B876,85.71
2790,CT5B876,1932-01-01,19:59,116.0,60,AV SIEMPRE VIVA,R02,ERROR,56.0,53.0,urban_flow/data/raw/imgs/urban_flow_plates/39c193bcc0c00f9e_patente.jpg,C75B876,85.71
2913,CT5B876,1932-01-01,00:00,143.0,80,AV LIBERTADOR,R02,ERROR,63.0,59.0,urban_flow/data/raw/imgs/urban_flow_plates/39c193bcc0c00f9e_patente.jpg,C75B876,85.71
3084,CT5B876,1932-01-01,20:11,85.0,40,AV LIBERTADOR,,APELADA,45.0,43.0,urban_flow/data/raw/imgs/urban_flow_plates/39c193bcc0c00f9e_patente.jpg,C75B876,85.71
3251,CT5B876,1932-01-01,00:00,120.0,80,AV LIBERTADOR,R03,APELADA,40.0,36.0,urban_flow/data/raw/imgs/urban_flow_plates/39c193bcc0c00f9e_patente.jpg,C75B876,85.71
3453,CT5B876,2022-06-28,00:00,87.0,40,AV LIBERTADOR,,APELADA,47.0,45.0,urban_flow/data/raw/imgs/urban_flow_plates/39c193bcc0c00f9e_patente.jpg,C75B876,85.71
3643,CT5B876,1932-01-01,10:30,122.0,60,RUTA 9,R02,APELADA,62.0,59.0,urban_flow/data/raw/imgs/urban_flow_plates/39c193bcc0c00f9e_patente.jpg,C75B876,85.71
285,41RSTZ,1932-01-01,14:10,153.0,80,AV LIBERTADOR,R02,ERROR,73.0,69.0,urban_flow/data/raw/imgs/urban_flow_plates/86c92b0402fec141_patente.jpg,41RSTZAETEM,100.0
396,41RSTZ,1932-01-01,14:13,90.0,80,AV LIBERTADOR,,ERROR,10.0,6.0,urban_flow/data/raw/imgs/urban_flow_plates/86c92b0402fec141_patente.jpg,41RSTZAETEM,100.0
412,41RSTZ,2022-04-20,08:15,104.0,60,AV SIEMPRE VIVA,R03,ERROR,44.0,41.0,urban_flow/data/raw/imgs/urban_flow_plates/86c92b0402fec141_patente.jpg,41RSTZAETEM,100.0
624,41RSTZ,1932-01-01,08:23,140.0,80,AV LIBERTADOR,R01,ERROR,60.0,56.0,urban_flow/data/raw/imgs/urban_flow_plates/86c92b0402fec141_patente.jpg,41RSTZAETEM,100.0
662,41RSTZ,1932-01-01,14:23,112.0,60,RUTA 9,,ERROR,52.0,49.0,urban_flow/data/raw/imgs/urban_flow_plates/86c92b0402fec141_patente.jpg,41RSTZAETEM,100.0
906,41RSTZ,1932-01-01,00:00,57.0,40,AV LIBERTADOR,R01,APELADA,17.0,15.0,urban_flow/data/raw/imgs/urban_flow_plates/86c92b0402fec141_patente.jpg,41RSTZAETEM,100.0
936,41RSTZ,1932-01-01,00:00,74.0,60,RUTA 9,R01,APELADA,14.0,11.0,urban_flow/data/raw/imgs/urban_flow_plates/86c92b0402fec141_patente.jpg,41RSTZAETEM,100.0
938,41RSTZ,1932-01-01,08:36,148.0,80,RUTA 9,R03,ERROR,68.0,64.0,urban_flow/data/raw/imgs/urban_flow_plates/86c92b0402fec141_patente.jpg,41RSTZAETEM,100.0
1048,41RSTZ,1932-01-01,14:38,118.0,60,AV SIEMPRE VIVA,R01,PAGADA,58.0,55.0,urban_flow/data/raw/imgs/urban_flow_plates/86c92b0402fec141_patente.jpg,41RSTZAETEM,100.0
1373,41RSTZ,1932-01-01,14:48,43.0,40,AV LIBERTADOR,R01,ERROR,3.0,1.0,urban_flow/data/raw/imgs/urban_flow_plates/86c92b0402fec141_patente.jpg,41RSTZAETEM,100.0
1394,41RSTZ,1932-01-01,08:57,137.0,80,AV LIBERTADOR,R01,ERROR,57.0,53.0,urban_flow/data/raw/imgs/urban_flow_plates/86c92b0402fec141_patente.jpg,41RSTZAETEM,100.0
1552,41RSTZ,2020-10-28,00:00,98.0,80,AV SIEMPRE VIVA,R02,PAGADA,18.0,14.0,urban_flow/data/raw/imgs/urban_flow_plates/86c92b0402fec141_patente.jpg,41RSTZAETEM,100.0
1616,41RSTZ,1932-01-01,00:00,120.0,80,AV LIBERTADOR,,PAGADA,40.0,36.0,urban_flow/data/raw/imgs/urban_flow_plates/86c92b0402fec141_patente.jpg,41RSTZAETEM,100.0
1650,41RSTZ,2022-05-17,00:00,78.0,60,RUTA 9,R02,PAGADA,18.0,15.0,urban_flow/data/raw/imgs/urban_flow_plates/86c92b0402fec141_patente.jpg,41RSTZAETEM,100.0
1951,41RSTZ,2020-12-14,19:22,116.0,40,RUTA 9,R01,ERROR,76.0,74.0,urban_flow/data/raw/imgs/urban_flow_plates/86c92b0402fec141_patente.jpg,41RSTZAETEM,100.0
2061,41RSTZ,1932-01-01,00:00,44.0,40,RUTA 9,,ERROR,4.0,2.0,urban_flow/data/raw/imgs/urban_flow_plates/86c92b0402fec141_patente.jpg,41RSTZAETEM,100.0
2091,41RSTZ,2021-03-01,19:30,85.0,80,AV LIBERTADOR,R03,APELADA,5.0,1.0,urban_flow/data/raw/imgs/urban_flow_plates/86c92b0402fec141_patente.jpg,41RSTZAETEM,100.0
2568,41RSTZ,1932-01-01,00:00,105.0,60,AV LIBERTADOR,R03,ERROR,45.0,42.0,urban_flow/data/raw/imgs/urban_flow_plates/86c92b0402fec141_patente.jpg,41RSTZAETEM,100.0
2810,41RSTZ,1932-01-01,09:55,60.0,40,AV SIEMPRE VIVA,,ERROR,20.0,18.0,urban_flow/data/raw/imgs/urban_flow_plates/86c92b0402fec141_patente.jpg,41RSTZAETEM,100.0
2888,41RSTZ,1932-01-01,00:00,99.0,60,RUTA 9,R03,IMPAGA,39.0,36.0,urban_flow/data/raw/imgs/urban_flow_plates/86c92b0402fec141_patente.jpg,41RSTZAETEM,100.0
3207,41RSTZ,2022-05-24,00:00,144.0,80,AV LIBERTADOR,R02,APELADA,64.0,60.0,urban_flow/data/raw/imgs/urban_flow_plates/86c92b0402fec141_patente.jpg,41RSTZAETEM,100.0
3210,41RSTZ,1932-01-01,10:09,134.0,60,RUTA 9,R01,IMPAGA,74.0,71.0,urban_flow/data/raw/imgs/urban_flow_plates/86c92b0402fec141_patente.jpg,41RSTZAETEM,100.0
3374,41RSTZ,2020-11-04,15:58,99.0,60,AV SIEMPRE VIVA,R03,PAGADA,39.0,36.0,urban_flow/data/raw/imgs/urban_flow_plates/86c92b0402fec141_patente.jpg,41RSTZAETEM,100.0
3408,41RSTZ,1932-01-01,10:20,141.0,80,AV SIEMPRE VIVA,R03,IMPAGA,61.0,57.0,urban_flow/data/raw/imgs/urban_flow_plates/86c92b0402fec141_patente.jpg,41RSTZAETEM,100.0
3501,41RSTZ,1932-01-01,20:29,107.0,80,AV SIEMPRE VIVA,R01,APELADA,27.0,23.0,urban_flow/data/raw/imgs/urban_flow_plates/86c92b0402fec141_patente.jpg,41RSTZAETEM,100.0
3596,41RSTZ,1932-01-01,16:07,126.0,60,RUTA 9,R03,ERROR,66.0,63.0,urban_flow/data/raw/imgs/urban_flow_plates/86c92b0402fec141_patente.jpg,41RSTZAETEM,100.0
3907,41RSTZ,1932-01-01,20:46,85.0,80,AV LIBERTADOR,R03,PAGADA,5.0,1.0,urban_flow/data/raw/imgs/urban_flow_plates/86c92b0402fec141_patente.jpg,41RSTZAETEM,100.0
3928,41RSTZ,1932-01-01,16:22,61.0,40,AV LIBERTADOR,R03,PAGADA,21.0,19.0,urban_flow/data/raw/imgs/urban_flow_plates/86c92b0402fec141_patente.jpg,41RSTZAETEM,100.0
60,FVIOUHP,1932-01-01,18:02,124.0,80,RUTA 9,R01,APELADA,44.0,40.0,urban_flow/data/raw/imgs/urban_flow_plates/28e26a4eb646c67a_patente.jpg,FVIDUHP,85.71
353,FVIOUHP,2023-02-22,14:12,127.0,80,AV LIBERTADOR,,PAGADA,47.0,43.0,urban_flow/data/raw/imgs/urban_flow_plates/28e26a4eb646c67a_patente.jpg,FVIDUHP,85.71
430,FVIOUHP,1932-01-01,00:00,71.0,40,RUTA 9,,APELADA,31.0,29.0,urban_flow/data/raw/imgs/urban_flow_plates/28e26a4eb646c67a_patente.jpg,FVIDUHP,85.71
550,FVIOUHP,1932-01-01,08:20,75.0,60,RUTA 9,,IMPAGA,15.0,12.0,urban_flow/data/raw/imgs/urban_flow_plates/28e26a4eb646c67a_patente.jpg,FVIDUHP,85.71
571,FVIOUHP,1932-01-01,00:00,87.0,60,RUTA 9,R01,IMPAGA,27.0,24.0,urban_flow/data/raw/imgs/urban_flow_plates/28e26a4eb646c67a_patente.jpg,FVIDUHP,85.71
629,FVIOUHP,1932-01-01,00:00,88.0,40,AV SIEMPRE VIVA,R02,APELADA,48.0,46.0,urban_flow/data/raw/imgs/urban_flow_plates/28e26a4eb646c67a_patente.jpg,FVIDUHP,85.71
637,FVIOUHP,1932-01-01,08:23,139.0,60,AV SIEMPRE VIVA,R03,IMPAGA,79.0,76.0,urban_flow/data/raw/imgs/urban_flow_plates/28e26a4eb646c67a_patente.jpg,FVIDUHP,85.71
734,FVIOUHP,1932-01-01,08:26,111.0,80,AV SIEMPRE VIVA,R03,PAGADA,31.0,27.0,urban_flow/data/raw/imgs/urban_flow_plates/28e26a4eb646c67a_patente.jpg,FVIDUHP,85.71
971,FVIOUHP,1932-01-01,00:00,119.0,60,RUTA 9,R01,ERROR,59.0,56.0,urban_flow/data/raw/imgs/urban_flow_plates/28e26a4eb646c67a_patente.jpg,FVIDUHP,85.71
1091,FVIOUHP,1932-01-01,14:40,142.0,80,AV LIBERTADOR,R01,APELADA,62.0,58.0,urban_flow/data/raw/imgs/urban_flow_plates/28e26a4eb646c67a_patente.jpg,FVIDUHP,85.71
1281,FVIOUHP,2021-12-23,00:00,113.0,80,AV LIBERTADOR,,IMPAGA,33.0,29.0,urban_flow/data/raw/imgs/urban_flow_plates/28e26a4eb646c67a_patente.jpg,FVIDUHP,85.71
1416,FVIOUHP,1932-01-01,00:00,100.0,80,AV LIBERTADOR,R03,ERROR,20.0,16.0,urban_flow/data/raw/imgs/urban_flow_plates/28e26a4eb646c67a_patente.jpg,FVIDUHP,85.71
1495,FVIOUHP,1932-01-01,00:00,119.0,60,AV SIEMPRE VIVA,R01,PAGADA,59.0,56.0,urban_flow/data/raw/imgs/urban_flow_plates/28e26a4eb646c67a_patente.jpg,FVIDUHP,85.71
1628,FVIOUHP,1932-01-01,00:00,135.0,60,AV LIBERTADOR,R02,IMPAGA,75.0,72.0,urban_flow/data/raw/imgs/urban_flow_plates/28e26a4eb646c67a_patente.jpg,FVIDUHP,85.71
1668,FVIOUHP,1932-01-01,00:00,84.0,60,AV LIBERTADOR,R01,IMPAGA,24.0,21.0,urban_flow/data/raw/imgs/urban_flow_plates/28e26a4eb646c67a_patente.jpg,FVIDUHP,85.71
1686,FVIOUHP,2022-06-15,19:12,43.0,40,RUTA 9,R01,PAGADA,3.0,1.0,urban_flow/data/raw/imgs/urban_flow_plates/28e26a4eb646c67a_patente.jpg,FVIDUHP,85.71
1953,FVIOUHP,1932-01-01,09:20,115.0,60,AV SIEMPRE VIVA,R03,IMPAGA,55.0,52.0,urban_flow/data/raw/imgs/urban_flow_plates/28e26a4eb646c67a_patente.jpg,FVIDUHP,85.71
2246,FVIOUHP,1932-01-01,00:00,110.0,60,AV SIEMPRE VIVA,,ERROR,50.0,47.0,urban_flow/data/raw/imgs/urban_flow_plates/28e26a4eb646c67a_patente.jpg,FVIDUHP,85.71
2350,FVIOUHP,1932-01-01,00:00,50.0,40,AV SIEMPRE VIVA,R01,APELADA,10.0,8.0,urban_flow/data/raw/imgs/urban_flow_plates/28e26a4eb646c67a_patente.jpg,FVIDUHP,85.71
2481,FVIOUHP,1932-01-01,00:00,85.0,40,AV SIEMPRE VIVA,,PAGADA,45.0,43.0,urban_flow/data/raw/imgs/urban_flow_plates/28e26a4eb646c67a_patente.jpg,FVIDUHP,85.71
2757,FVIOUHP,1932-01-01,15:37,109.0,40,AV LIBERTADOR,R02,APELADA,69.0,67.0,urban_flow/data/raw/imgs/urban_flow_plates/28e26a4eb646c67a_patente.jpg,FVIDUHP,85.71
2912,FVIOUHP,1932-01-01,00:00,138.0,80,AV LIBERTADOR,R03,IMPAGA,58.0,54.0,urban_flow/data/raw/imgs/urban_flow_plates/28e26a4eb646c67a_patente.jpg,FVIDUHP,85.71
3161,FVIOUHP,1932-01-01,20:13,130.0,80,AV SIEMPRE VIVA,R03,IMPAGA,50.0,46.0,urban_flow/data/raw/imgs/urban_flow_plates/28e26a4eb646c67a_patente.jpg,FVIDUHP,85.71
3259,FVIOUHP,1932-01-01,10:12,159.0,80,AV SIEMPRE VIVA,R02,APELADA,79.0,75.0,urban_flow/data/raw/imgs/urban_flow_plates/28e26a4eb646c67a_patente.jpg,FVIDUHP,85.71
3290,FVIOUHP,1932-01-01,00:00,52.0,40,AV LIBERTADOR,R01,PAGADA,12.0,10.0,urban_flow/data/raw/imgs/urban_flow_plates/28e26a4eb646c67a_patente.jpg,FVIDUHP,85.71
3464,FVIOUHP,1932-01-01,10:22,146.0,80,RUTA 9,R02,IMPAGA,66.0,62.0,urban_flow/data/raw/imgs/urban_flow_plates/28e26a4eb646c67a_patente.jpg,FVIDUHP,85.71
3929,FVIOUHP,1932-01-01,00:00,141.0,80,AV SIEMPRE VIVA,,APELADA,61.0,57.0,urban_flow/data/raw/imgs/urban_flow_plates/28e26a4eb646c67a_patente.jpg,FVIDUHP,85.71
382,589222,1932-01-01,08:14,135.0,80,AV SIEMPRE VIVA,R01,IMPAGA,55.0,51.0,urban_flow/data/raw/imgs/urban_flow_plates/246a0e4264a39433_patente.jpg,589222,100.0
626,589222,1932-01-01,00:00,131.0,80,AV SIEMPRE VIVA,R02,PAGADA,51.0,47.0,urban_flow/data/raw/imgs/urban_flow_plates/246a0e4264a39433_patente.jpg,589222,100.0
792,589222,2021-09-25,18:37,153.0,80,AV SIEMPRE VIVA,R02,APELADA,73.0,69.0,urban_flow/data/raw/imgs/urban_flow_plates/246a0e4264a39433_patente.jpg,589222,100.0
883,589222,2023-04-23,14:32,111.0,80,AV LIBERTADOR,,IMPAGA,31.0,27.0,urban_flow/data/raw/imgs/urban_flow_plates/246a0e4264a39433_patente.jpg,589222,100.0
1301,589222,1932-01-01,14:47,122.0,60,AV SIEMPRE VIVA,R02,PAGADA,62.0,59.0,urban_flow/data/raw/imgs/urban_flow_plates/246a0e4264a39433_patente.jpg,589222,100.0
1302,589222,1932-01-01,18:56,64.0,60,RUTA 9,R01,ERROR,4.0,1.0,urban_flow/data/raw/imgs/urban_flow_plates/246a0e4264a39433_patente.jpg,589222,100.0
1687,589222,1932-01-01,09:09,81.0,60,RUTA 9,,ERROR,21.0,18.0,urban_flow/data/raw/imgs/urban_flow_plates/246a0e4264a39433_patente.jpg,589222,100.0
2192,589222,1932-01-01,00:00,89.0,60,AV SIEMPRE VIVA,R02,PAGADA,29.0,26.0,urban_flow/data/raw/imgs/urban_flow_plates/246a0e4264a39433_patente.jpg,589222,100.0
2305,589222,1932-01-01,15:22,134.0,60,AV LIBERTADOR,,APELADA,74.0,71.0,urban_flow/data/raw/imgs/urban_flow_plates/246a0e4264a39433_patente.jpg,589222,100.0
2765,589222,1932-01-01,15:38,112.0,80,RUTA 9,R01,IMPAGA,32.0,28.0,urban_flow/data/raw/imgs/urban_flow_plates/246a0e4264a39433_patente.jpg,589222,100.0
2879,589222,1932-01-01,00:00,73.0,40,AV LIBERTADOR,,APELADA,33.0,31.0,urban_flow/data/raw/imgs/urban_flow_plates/246a0e4264a39433_patente.jpg,589222,100.0
2927,589222,1932-01-01,10:01,55.0,40,AV SIEMPRE VIVA,R03,PAGADA,15.0,13.0,urban_flow/data/raw/imgs/urban_flow_plates/246a0e4264a39433_patente.jpg,589222,100.0
2983,589222,1932-01-01,00:00,62.0,40,AV SIEMPRE VIVA,R03,APELADA,22.0,20.0,urban_flow/data/raw/imgs/urban_flow_plates/246a0e4264a39433_patente.jpg,589222,100.0
3091,589222,1932-01-01,00:00,121.0,60,AV LIBERTADOR,,IMPAGA,61.0,58.0,urban_flow/data/raw/imgs/urban_flow_plates/246a0e4264a39433_patente.jpg,589222,100.0
3284,589222,1932-01-01,20:20,93.0,80,AV SIEMPRE VIVA,R03,ERROR,13.0,9.0,urban_flow/data/raw/imgs/urban_flow_plates/246a0e4264a39433_patente.jpg,589222,100.0
3973,589222,1932-01-01,20:48,98.0,80,AV SIEMPRE VIVA,R01,ERROR,18.0,14.0,urban_flow/data/raw/imgs/urban_flow_plates/246a0e4264a39433_patente.jpg,589222,100.0
188,TL03GOG,2021-08-13,08:08,93.0,40,RUTA 9,,PAGADA,53.0,51.0,urban_flow/data/raw/imgs/urban_flow_plates/fdd963edc28bf163_patente.jpg,7L03GOG771796OJ505841,85.71
561,TL03GOG,2022-06-06,00:00,116.0,80,RUTA 9,,APELADA,36.0,32.0,urban_flow/data/raw/imgs/urban_flow_plates/fdd963edc28bf163_patente.jpg,7L03GOG771796OJ505841,85.71
648,TL03GOG,1932-01-01,00:00,85.0,60,RUTA 9,R03,IMPAGA,25.0,22.0,urban_flow/data/raw/imgs/urban_flow_plates/fdd963edc28bf163_patente.jpg,7L03GOG771796OJ505841,85.71
992,TL03GOG,1932-01-01,08:39,128.0,60,AV LIBERTADOR,R01,IMPAGA,68.0,65.0,urban_flow/data/raw/imgs/urban_flow_plates/fdd963edc28bf163_patente.jpg,7L03GOG771796OJ505841,85.71
1094,TL03GOG,2022-07-01,14:40,113.0,60,RUTA 9,R01,PAGADA,53.0,50.0,urban_flow/data/raw/imgs/urban_flow_plates/fdd963edc28bf163_patente.jpg,7L03GOG771796OJ505841,85.71
1294,TL03GOG,1932-01-01,00:00,87.0,40,RUTA 9,R01,PAGADA,47.0,45.0,urban_flow/data/raw/imgs/urban_flow_plates/fdd963edc28bf163_patente.jpg,7L03GOG771796OJ505841,85.71
1398,TL03GOG,1932-01-01,14:50,86.0,60,RUTA 9,R01,IMPAGA,26.0,23.0,urban_flow/data/raw/imgs/urban_flow_plates/fdd963edc28bf163_patente.jpg,7L03GOG771796OJ505841,85.71
1526,TL03GOG,1932-01-01,00:00,133.0,80,AV LIBERTADOR,R02,PAGADA,53.0,49.0,urban_flow/data/raw/imgs/urban_flow_plates/fdd963edc28bf163_patente.jpg,7L03GOG771796OJ505841,85.71
1541,TL03GOG,2020-07-06,19:06,75.0,40,AV SIEMPRE VIVA,R02,PAGADA,35.0,33.0,urban_flow/data/raw/imgs/urban_flow_plates/fdd963edc28bf163_patente.jpg,7L03GOG771796OJ505841,85.71
1578,TL03GOG,1932-01-01,00:00,84.0,60,RUTA 9,R02,IMPAGA,24.0,21.0,urban_flow/data/raw/imgs/urban_flow_plates/fdd963edc28bf163_patente.jpg,7L03GOG771796OJ505841,85.71
1645,TL03GOG,2023-01-01,00:00,111.0,60,AV LIBERTADOR,R03,APELADA,51.0,48.0,urban_flow/data/raw/imgs/urban_flow_plates/fdd963edc28bf163_patente.jpg,7L03GOG771796OJ505841,85.71
1711,TL03GOG,1932-01-01,00:00,80.0,40,AV LIBERTADOR,R01,IMPAGA,40.0,38.0,urban_flow/data/raw/imgs/urban_flow_plates/fdd963edc28bf163_patente.jpg,7L03GOG771796OJ505841,85.71
1919,TL03GOG,1932-01-01,19:21,83.0,40,RUTA 9,R02,IMPAGA,43.0,41.0,urban_flow/data/raw/imgs/urban_flow_plates/fdd963edc28bf163_patente.jpg,7L03GOG771796OJ505841,85.71
2323,TL03GOG,2022-09-03,19:38,126.0,80,RUTA 9,,IMPAGA,46.0,42.0,urban_flow/data/raw/imgs/urban_flow_plates/fdd963edc28bf163_patente.jpg,7L03GOG771796OJ505841,85.71
2346,TL03GOG,1932-01-01,15:23,120.0,80,AV SIEMPRE VIVA,R02,PAGADA,40.0,36.0,urban_flow/data/raw/imgs/urban_flow_plates/fdd963edc28bf163_patente.jpg,7L03GOG771796OJ505841,85.71
2364,TL03GOG,1932-01-01,00:00,133.0,60,AV LIBERTADOR,R02,APELADA,73.0,70.0,urban_flow/data/raw/imgs/urban_flow_plates/fdd963edc28bf163_patente.jpg,7L03GOG771796OJ505841,85.71
2441,TL03GOG,2022-05-07,19:45,77.0,40,AV LIBERTADOR,R01,PAGADA,37.0,35.0,urban_flow/data/raw/imgs/urban_flow_plates/fdd963edc28bf163_patente.jpg,7L03GOG771796OJ505841,85.71
2601,TL03GOG,1932-01-01,19:51,65.0,40,AV LIBERTADOR,R02,PAGADA,25.0,23.0,urban_flow/data/raw/imgs/urban_flow_plates/fdd963edc28bf163_patente.jpg,7L03GOG771796OJ505841,85.71
2672,TL03GOG,2022-05-08,00:00,46.0,40,AV LIBERTADOR,R02,PAGADA,6.0,4.0,urban_flow/data/raw/imgs/urban_flow_plates/fdd963edc28bf163_patente.jpg,7L03GOG771796OJ505841,85.71
3089,TL03GOG,1932-01-01,15:49,106.0,60,AV LIBERTADOR,,IMPAGA,46.0,43.0,urban_flow/data/raw/imgs/urban_flow_plates/fdd963edc28bf163_patente.jpg,7L03GOG771796OJ505841,85.71
3156,TL03GOG,2020-05-02,10:08,115.0,40,AV SIEMPRE VIVA,R02,ERROR,75.0,73.0,urban_flow/data/raw/imgs/urban_flow_plates/fdd963edc28bf163_patente.jpg,7L03GOG771796OJ505841,85.71
3307,TL03GOG,1932-01-01,00:00,139.0,60,AV LIBERTADOR,R03,APELADA,79.0,76.0,urban_flow/data/raw/imgs/urban_flow_plates/fdd963edc28bf163_patente.jpg,7L03GOG771796OJ505841,85.71
3313,TL03GOG,1932-01-01,20:22,111.0,80,AV SIEMPRE VIVA,,PAGADA,31.0,27.0,urban_flow/data/raw/imgs/urban_flow_plates/fdd963edc28bf163_patente.jpg,7L03GOG771796OJ505841,85.71
3506,TL03GOG,1932-01-01,00:00,109.0,40,RUTA 9,R03,APELADA,69.0,67.0,urban_flow/data/raw/imgs/urban_flow_plates/fdd963edc28bf163_patente.jpg,7L03GOG771796OJ505841,85.71
3527,TL03GOG,2023-07-08,00:00,105.0,40,AV LIBERTADOR,,IMPAGA,65.0,63.0,urban_flow/data/raw/imgs/urban_flow_plates/fdd963edc28bf163_patente.jpg,7L03GOG771796OJ505841,85.71
3770,TL03GOG,1932-01-01,20:40,88.0,80,AV LIBERTADOR,R01,APELADA,8.0,4.0,urban_flow/data/raw/imgs/urban_flow_plates/fdd963edc28bf163_patente.jpg,7L03GOG771796OJ505841,85.71
3874,TL03GOG,1932-01-01,00:00,108.0,40,AV SIEMPRE VIVA,R01,APELADA,68.0,66.0,urban_flow/data/raw/imgs/urban_flow_plates/fdd963edc28bf163_patente.jpg,7L03GOG771796OJ505841,85.71
3911,TL03GOG,1932-01-01,20:47,158.0,80,AV LIBERTADOR,R01,PAGADA,78.0,74.0,urban_flow/data/raw/imgs/urban_flow_plates/fdd963edc28bf163_patente.jpg,7L03GOG771796OJ505841,85.71
3970,TL03GOG,1932-01-01,10:42,80.0,40,AV LIBERTADOR,R02,ERROR,40.0,38.0,urban_flow/data/raw/imgs/urban_flow_plates/fdd963edc28bf163_patente.jpg,7L03GOG771796OJ505841,85.71
47,W326AVE,2020-05-28,00:00,70.0,60,RUTA 9,R01,IMPAGA,10.0,7.0,urban_flow/data/raw/imgs/urban_flow_plates/6c144e47161867c2_patente.jpg,W326AVE,100.0
75,W326AVE,1932-01-01,00:00,57.0,40,AV LIBERTADOR,R01,PAGADA,17.0,15.0,urban_flow/data/raw/imgs/urban_flow_plates/6c144e47161867c2_patente.jpg,W326AVE,100.0
240,W326AVE,1932-01-01,08:10,100.0,80,AV SIEMPRE VIVA,R01,APELADA,20.0,16.0,urban_flow/data/raw/imgs/urban_flow_plates/6c144e47161867c2_patente.jpg,W326AVE,100.0
807,W326AVE,2023-08-15,08:30,82.0,60,RUTA 9,R02,APELADA,22.0,19.0,urban_flow/data/raw/imgs/urban_flow_plates/6c144e47161867c2_patente.jpg,W326AVE,100.0
1105,W326AVE,1932-01-01,14:41,96.0,40,AV LIBERTADOR,,ERROR,56.0,54.0,urban_flow/data/raw/imgs/urban_flow_plates/6c144e47161867c2_patente.jpg,W326AVE,100.0
1328,W326AVE,2023-04-13,14:48,126.0,80,AV LIBERTADOR,R02,ERROR,46.0,42.0,urban_flow/data/raw/imgs/urban_flow_plates/6c144e47161867c2_patente.jpg,W326AVE,100.0
1354,W326AVE,2021-01-11,14:48,117.0,60,RUTA 9,R03,IMPAGA,57.0,54.0,urban_flow/data/raw/imgs/urban_flow_plates/6c144e47161867c2_patente.jpg,W326AVE,100.0
1419,W326AVE,2020-01-28,00:00,72.0,40,RUTA 9,R02,APELADA,32.0,30.0,urban_flow/data/raw/imgs/urban_flow_plates/6c144e47161867c2_patente.jpg,W326AVE,100.0
1563,W326AVE,2023-10-27,00:00,153.0,80,RUTA 9,R01,PAGADA,73.0,69.0,urban_flow/data/raw/imgs/urban_flow_plates/6c144e47161867c2_patente.jpg,W326AVE,100.0
1631,W326AVE,1932-01-01,14:59,90.0,40,AV SIEMPRE VIVA,R02,APELADA,50.0,48.0,urban_flow/data/raw/imgs/urban_flow_plates/6c144e47161867c2_patente.jpg,W326AVE,100.0
1667,W326AVE,1932-01-01,00:00,127.0,60,AV SIEMPRE VIVA,,IMPAGA,67.0,64.0,urban_flow/data/raw/imgs/urban_flow_plates/6c144e47161867c2_patente.jpg,W326AVE,100.0
1845,W326AVE,1932-01-01,09:15,78.0,60,AV LIBERTADOR,R03,PAGADA,18.0,15.0,urban_flow/data/raw/imgs/urban_flow_plates/6c144e47161867c2_patente.jpg,W326AVE,100.0
1989,W326AVE,1932-01-01,15:12,109.0,40,AV LIBERTADOR,R03,APELADA,69.0,67.0,urban_flow/data/raw/imgs/urban_flow_plates/6c144e47161867c2_patente.jpg,W326AVE,100.0
2008,W326AVE,1932-01-01,15:13,93.0,60,AV LIBERTADOR,R02,APELADA,33.0,30.0,urban_flow/data/raw/imgs/urban_flow_plates/6c144e47161867c2_patente.jpg,W326AVE,100.0
2055,W326AVE,1932-01-01,19:28,159.0,80,AV LIBERTADOR,R01,IMPAGA,79.0,75.0,urban_flow/data/raw/imgs/urban_flow_plates/6c144e47161867c2_patente.jpg,W326AVE,100.0
2374,W326AVE,1932-01-01,09:37,80.0,40,RUTA 9,R03,ERROR,40.0,38.0,urban_flow/data/raw/imgs/urban_flow_plates/6c144e47161867c2_patente.jpg,W326AVE,100.0
2620,W326AVE,1932-01-01,00:00,101.0,40,AV LIBERTADOR,,IMPAGA,61.0,59.0,urban_flow/data/raw/imgs/urban_flow_plates/6c144e47161867c2_patente.jpg,W326AVE,100.0
2705,W326AVE,2023-01-01,15:35,122.0,80,AV LIBERTADOR,R02,ERROR,42.0,38.0,urban_flow/data/raw/imgs/urban_flow_plates/6c144e47161867c2_patente.jpg,W326AVE,100.0
2826,W326AVE,1932-01-01,00:00,138.0,80,AV SIEMPRE VIVA,,PAGADA,58.0,54.0,urban_flow/data/raw/imgs/urban_flow_plates/6c144e47161867c2_patente.jpg,W326AVE,100.0
2837,W326AVE,1932-01-01,00:00,151.0,80,AV LIBERTADOR,R01,PAGADA,71.0,67.0,urban_flow/data/raw/imgs/urban_flow_plates/6c144e47161867c2_patente.jpg,W326AVE,100.0
2972,W326AVE,2020-07-02,00:00,113.0,60,AV LIBERTADOR,,ERROR,53.0,50.0,urban_flow/data/raw/imgs/urban_flow_plates/6c144e47161867c2_patente.jpg,W326AVE,100.0
3139,W326AVE,1932-01-01,15:51,109.0,40,AV LIBERTADOR,,ERROR,69.0,67.0,urban_flow/data/raw/imgs/urban_flow_plates/6c144e47161867c2_patente.jpg,W326AVE,100.0
3599,W326AVE,1932-01-01,16:07,131.0,80,AV SIEMPRE VIVA,R03,ERROR,51.0,47.0,urban_flow/data/raw/imgs/urban_flow_plates/6c144e47161867c2_patente.jpg,W326AVE,100.0
3642,W326AVE,1932-01-01,16:10,90.0,60,AV LIBERTADOR,,PAGADA,30.0,27.0,urban_flow/data/raw/imgs/urban_flow_plates/6c144e47161867c2_patente.jpg,W326AVE,100.0
3654,W326AVE,1932-01-01,00:00,73.0,40,AV SIEMPRE VIVA,R01,PAGADA,33.0,31.0,urban_flow/data/raw/imgs/urban_flow_plates/6c144e47161867c2_patente.jpg,W326AVE,100.0
3666,W326AVE,1932-01-01,16:11,117.0,40,AV SIEMPRE VIVA,R03,APELADA,77.0,75.0,urban_flow/data/raw/imgs/urban_flow_plates/6c144e47161867c2_patente.jpg,W326AVE,100.0
3724,W326AVE,1932-01-01,20:37,118.0,80,AV LIBERTADOR,R01,APELADA,38.0,34.0,urban_flow/data/raw/imgs/urban_flow_plates/6c144e47161867c2_patente.jpg,W326AVE,100.0
3868,W326AVE,2023-04-12,00:00,139.0,60,RUTA 9,,IMPAGA,79.0,76.0,urban_flow/data/raw/imgs/urban_flow_plates/6c144e47161867c2_patente.jpg,W326AVE,100.0
26,HF58HXP,1932-01-01,14:01,62.0,40,RUTA 9,,APELADA,22.0,20.0,urban_flow/data/raw/imgs/urban_flow_plates/9a795bbf4e94d630_patente.jpg,HF5BHXP,85.71
53,HF58HXP,1932-01-01,00:00,50.0,40,AV SIEMPRE VIVA,R02,PAGADA,10.0,8.0,urban_flow/data/raw/imgs/urban_flow_plates/9a795bbf4e94d630_patente.jpg,HF5BHXP,85.71
144,HF58HXP,1932-01-01,08:06,79.0,40,RUTA 9,R03,ERROR,39.0,37.0,urban_flow/data/raw/imgs/urban_flow_plates/9a795bbf4e94d630_patente.jpg,HF5BHXP,85.71
354,HF58HXP,1932-01-01,14:12,105.0,80,AV LIBERTADOR,R01,APELADA,25.0,21.0,urban_flow/data/raw/imgs/urban_flow_plates/9a795bbf4e94d630_patente.jpg,HF5BHXP,85.71
405,HF58HXP,1932-01-01,00:00,118.0,80,AV SIEMPRE VIVA,,ERROR,38.0,34.0,urban_flow/data/raw/imgs/urban_flow_plates/9a795bbf4e94d630_patente.jpg,HF5BHXP,85.71
616,HF58HXP,1932-01-01,14:21,76.0,60,AV SIEMPRE VIVA,R02,PAGADA,16.0,13.0,urban_flow/data/raw/imgs/urban_flow_plates/9a795bbf4e94d630_patente.jpg,HF5BHXP,85.71
727,HF58HXP,1932-01-01,08:26,69.0,60,AV LIBERTADOR,R01,IMPAGA,9.0,6.0,urban_flow/data/raw/imgs/urban_flow_plates/9a795bbf4e94d630_patente.jpg,HF5BHXP,85.71
783,HF58HXP,1932-01-01,08:29,90.0,60,AV SIEMPRE VIVA,R01,PAGADA,30.0,27.0,urban_flow/data/raw/imgs/urban_flow_plates/9a795bbf4e94d630_patente.jpg,HF5BHXP,85.71
827,HF58HXP,1932-01-01,18:38,153.0,80,RUTA 9,R03,IMPAGA,73.0,69.0,urban_flow/data/raw/imgs/urban_flow_plates/9a795bbf4e94d630_patente.jpg,HF5BHXP,85.71
1037,HF58HXP,2021-03-22,00:00,91.0,80,RUTA 9,R01,IMPAGA,11.0,7.0,urban_flow/data/raw/imgs/urban_flow_plates/9a795bbf4e94d630_patente.jpg,HF5BHXP,85.71
1254,HF58HXP,1932-01-01,00:00,86.0,80,AV SIEMPRE VIVA,R03,IMPAGA,6.0,2.0,urban_flow/data/raw/imgs/urban_flow_plates/9a795bbf4e94d630_patente.jpg,HF5BHXP,85.71
1466,HF58HXP,1932-01-01,19:03,121.0,80,RUTA 9,,APELADA,41.0,37.0,urban_flow/data/raw/imgs/urban_flow_plates/9a795bbf4e94d630_patente.jpg,HF5BHXP,85.71
1729,HF58HXP,1932-01-01,19:15,97.0,60,RUTA 9,R01,PAGADA,37.0,34.0,urban_flow/data/raw/imgs/urban_flow_plates/9a795bbf4e94d630_patente.jpg,HF5BHXP,85.71
1746,HF58HXP,2023-10-01,00:00,112.0,40,RUTA 9,R03,PAGADA,72.0,70.0,urban_flow/data/raw/imgs/urban_flow_plates/9a795bbf4e94d630_patente.jpg,HF5BHXP,85.71
1914,HF58HXP,1932-01-01,00:00,78.0,40,AV LIBERTADOR,R01,PAGADA,38.0,36.0,urban_flow/data/raw/imgs/urban_flow_plates/9a795bbf4e94d630_patente.jpg,HF5BHXP,85.71
2270,HF58HXP,1932-01-01,19:37,101.0,80,AV SIEMPRE VIVA,,ERROR,21.0,17.0,urban_flow/data/raw/imgs/urban_flow_plates/9a795bbf4e94d630_patente.jpg,HF5BHXP,85.71
2485,HF58HXP,1932-01-01,15:29,86.0,60,RUTA 9,R01,ERROR,26.0,23.0,urban_flow/data/raw/imgs/urban_flow_plates/9a795bbf4e94d630_patente.jpg,HF5BHXP,85.71
2578,HF58HXP,2022-09-29,00:00,134.0,60,AV LIBERTADOR,R02,APELADA,74.0,71.0,urban_flow/data/raw/imgs/urban_flow_plates/9a795bbf4e94d630_patente.jpg,HF5BHXP,85.71
2634,HF58HXP,2023-12-30,19:52,97.0,40,AV SIEMPRE VIVA,R02,PAGADA,57.0,55.0,urban_flow/data/raw/imgs/urban_flow_plates/9a795bbf4e94d630_patente.jpg,HF5BHXP,85.71
2753,HF58HXP,1932-01-01,15:37,103.0,40,RUTA 9,,ERROR,63.0,61.0,urban_flow/data/raw/imgs/urban_flow_plates/9a795bbf4e94d630_patente.jpg,HF5BHXP,85.71
2982,HF58HXP,1932-01-01,10:03,97.0,60,AV LIBERTADOR,,PAGADA,37.0,34.0,urban_flow/data/raw/imgs/urban_flow_plates/9a795bbf4e94d630_patente.jpg,HF5BHXP,85.71
3298,HF58HXP,1932-01-01,20:21,75.0,40,AV SIEMPRE VIVA,R02,IMPAGA,35.0,33.0,urban_flow/data/raw/imgs/urban_flow_plates/9a795bbf4e94d630_patente.jpg,HF5BHXP,85.71
3471,HF58HXP,1932-01-01,16:01,91.0,40,AV SIEMPRE VIVA,R02,IMPAGA,51.0,49.0,urban_flow/data/raw/imgs/urban_flow_plates/9a795bbf4e94d630_patente.jpg,HF5BHXP,85.71
3600,HF58HXP,1932-01-01,16:07,129.0,80,RUTA 9,,APELADA,49.0,45.0,urban_flow/data/raw/imgs/urban_flow_plates/9a795bbf4e94d630_patente.jpg,HF5BHXP,85.71
3660,HF58HXP,1932-01-01,00:00,58.0,40,RUTA 9,R01,IMPAGA,18.0,16.0,urban_flow/data/raw/imgs/urban_flow_plates/9a795bbf4e94d630_patente.jpg,HF5BHXP,85.71
3977,HF58HXP,2020-04-06,00:00,154.0,80,RUTA 9,,ERROR,74.0,70.0,urban_flow/data/raw/imgs/urban_flow_plates/9a795bbf4e94d630_patente.jpg,HF5BHXP,85.71
24,XIIUME,1932-01-01,08:01,52.0,40,AV SIEMPRE VIVA,R03,IMPAGA,12.0,10.0,urban_flow/data/raw/imgs/urban_flow_plates/64de505bd2bac82b.jpg,XIIUME,100.0
222,XIIUME,1932-01-01,18:10,83.0,60,AV SIEMPRE VIVA,R03,ERROR,23.0,20.0,urban_flow/data/raw/imgs/urban_flow_plates/64de505bd2bac82b.jpg,XIIUME,100.0
256,XIIUME,2020-04-30,00:00,125.0,80,AV SIEMPRE VIVA,R03,ERROR,45.0,41.0,urban_flow/data/raw/imgs/urban_flow_plates/64de505bd2bac82b.jpg,XIIUME,100.0
306,XIIUME,2023-07-26,08:12,133.0,80,AV SIEMPRE VIVA,R02,IMPAGA,53.0,49.0,urban_flow/data/raw/imgs/urban_flow_plates/64de505bd2bac82b.jpg,XIIUME,100.0
421,XIIUME,1932-01-01,08:15,115.0,40,RUTA 9,R02,PAGADA,75.0,73.0,urban_flow/data/raw/imgs/urban_flow_plates/64de505bd2bac82b.jpg,XIIUME,100.0
422,XIIUME,1932-01-01,18:19,116.0,60,AV SIEMPRE VIVA,R01,IMPAGA,56.0,53.0,urban_flow/data/raw/imgs/urban_flow_plates/64de505bd2bac82b.jpg,XIIUME,100.0
424,XIIUME,1932-01-01,14:14,89.0,40,AV LIBERTADOR,R01,ERROR,49.0,47.0,urban_flow/data/raw/imgs/urban_flow_plates/64de505bd2bac82b.jpg,XIIUME,100.0
431,XIIUME,1932-01-01,18:20,114.0,80,AV LIBERTADOR,,IMPAGA,34.0,30.0,urban_flow/data/raw/imgs/urban_flow_plates/64de505bd2bac82b.jpg,XIIUME,100.0
456,XIIUME,2020-05-05,18:21,116.0,80,AV LIBERTADOR,R02,IMPAGA,36.0,32.0,urban_flow/data/raw/imgs/urban_flow_plates/64de505bd2bac82b.jpg,XIIUME,100.0
725,XIIUME,1932-01-01,14:25,97.0,80,AV SIEMPRE VIVA,,APELADA,17.0,13.0,urban_flow/data/raw/imgs/urban_flow_plates/64de505bd2bac82b.jpg,XIIUME,100.0
808,XIIUME,1932-01-01,14:29,157.0,80,RUTA 9,R03,ERROR,77.0,73.0,urban_flow/data/raw/imgs/urban_flow_plates/64de505bd2bac82b.jpg,XIIUME,100.0
979,XIIUME,2023-06-18,14:36,68.0,60,AV SIEMPRE VIVA,R03,APELADA,8.0,5.0,urban_flow/data/raw/imgs/urban_flow_plates/64de505bd2bac82b.jpg,XIIUME,100.0
1129,XIIUME,1932-01-01,14:42,158.0,80,AV SIEMPRE VIVA,R03,IMPAGA,78.0,74.0,urban_flow/data/raw/imgs/urban_flow_plates/64de505bd2bac82b.jpg,XIIUME,100.0
1226,XIIUME,1932-01-01,00:00,98.0,80,AV LIBERTADOR,,PAGADA,18.0,14.0,urban_flow/data/raw/imgs/urban_flow_plates/64de505bd2bac82b.jpg,XIIUME,100.0
1399,XIIUME,1932-01-01,00:00,105.0,40,AV LIBERTADOR,R02,IMPAGA,65.0,63.0,urban_flow/data/raw/imgs/urban_flow_plates/64de505bd2bac82b.jpg,XIIUME,100.0
1504,XIIUME,1932-01-01,09:02,100.0,80,AV LIBERTADOR,R02,ERROR,20.0,16.0,urban_flow/data/raw/imgs/urban_flow_plates/64de505bd2bac82b.jpg,XIIUME,100.0
1999,XIIUME,2021-01-01,00:00,131.0,80,AV LIBERTADOR,R02,ERROR,51.0,47.0,urban_flow/data/raw/imgs/urban_flow_plates/64de505bd2bac82b.jpg,XIIUME,100.0
2042,XIIUME,1932-01-01,09:23,81.0,60,AV LIBERTADOR,R01,PAGADA,21.0,18.0,urban_flow/data/raw/imgs/urban_flow_plates/64de505bd2bac82b.jpg,XIIUME,100.0
2188,XIIUME,2022-01-23,15:18,129.0,80,AV LIBERTADOR,R02,IMPAGA,49.0,45.0,urban_flow/data/raw/imgs/urban_flow_plates/64de505bd2bac82b.jpg,XIIUME,100.0
2358,XIIUME,2020-06-15,19:40,114.0,40,RUTA 9,R01,PAGADA,74.0,72.0,urban_flow/data/raw/imgs/urban_flow_plates/64de505bd2bac82b.jpg,XIIUME,100.0
2395,XIIUME,2020-06-09,15:25,117.0,60,RUTA 9,R02,ERROR,57.0,54.0,urban_flow/data/raw/imgs/urban_flow_plates/64de505bd2bac82b.jpg,XIIUME,100.0
2543,XIIUME,1932-01-01,00:00,106.0,80,AV SIEMPRE VIVA,R01,IMPAGA,26.0,22.0,urban_flow/data/raw/imgs/urban_flow_plates/64de505bd2bac82b.jpg,XIIUME,100.0
2820,XIIUME,1932-01-01,20:01,67.0,40,RUTA 9,R02,APELADA,27.0,25.0,urban_flow/data/raw/imgs/urban_flow_plates/64de505bd2bac82b.jpg,XIIUME,100.0
2863,XIIUME,1932-01-01,00:00,123.0,80,AV SIEMPRE VIVA,R01,APELADA,43.0,39.0,urban_flow/data/raw/imgs/urban_flow_plates/64de505bd2bac82b.jpg,XIIUME,100.0
2870,XIIUME,1932-01-01,00:00,134.0,80,AV LIBERTADOR,R01,IMPAGA,54.0,50.0,urban_flow/data/raw/imgs/urban_flow_plates/64de505bd2bac82b.jpg,XIIUME,100.0
2981,XIIUME,1932-01-01,00:00,81.0,60,RUTA 9,R02,IMPAGA,21.0,18.0,urban_flow/data/raw/imgs/urban_flow_plates/64de505bd2bac82b.jpg,XIIUME,100.0
3707,XIIUME,1932-01-01,20:36,140.0,60,AV LIBERTADOR,R01,IMPAGA,80.0,77.0,urban_flow/data/raw/imgs/urban_flow_plates/64de505bd2bac82b.jpg,XIIUME,100.0
3817,XIIUME,1932-01-01,00:00,129.0,80,AV LIBERTADOR,,APELADA,49.0,45.0,urban_flow/data/raw/imgs/urban_flow_plates/64de505bd2bac82b.jpg,XIIUME,100.0
3851,XIIUME,1932-01-01,16:19,121.0,80,AV LIBERTADOR,,APELADA,41.0,37.0,urban_flow/data/raw/imgs/urban_flow_plates/64de505bd2bac82b.jpg,XIIUME,100.0
3950,XIIUME,1932-01-01,00:00,74.0,40,AV SIEMPRE VIVA,R01,IMPAGA,34.0,32.0,urban_flow/data/raw/imgs/urban_flow_plates/64de505bd2bac82b.jpg,XIIUME,100.0
26,HF58HXP,1932-01-01,14:01,62.0,40,RUTA 9,,APELADA,22.0,20.0,urban_flow/data/raw/imgs/urban_flow_plates/9a795bbf4e94d630.jpg,HF5BHXP,85.71
53,HF58HXP,1932-01-01,00:00,50.0,40,AV SIEMPRE VIVA,R02,PAGADA,10.0,8.0,urban_flow/data/raw/imgs/urban_flow_plates/9a795bbf4e94d630.jpg,HF5BHXP,85.71
144,HF58HXP,1932-01-01,08:06,79.0,40,RUTA 9,R03,ERROR,39.0,37.0,urban_flow/data/raw/imgs/urban_flow_plates/9a795bbf4e94d630.jpg,HF5BHXP,85.71
354,HF58HXP,1932-01-01,14:12,105.0,80,AV LIBERTADOR,R01,APELADA,25.0,21.0,urban_flow/data/raw/imgs/urban_flow_plates/9a795bbf4e94d630.jpg,HF5BHXP,85.71
405,HF58HXP,1932-01-01,00:00,118.0,80,AV SIEMPRE VIVA,,ERROR,38.0,34.0,urban_flow/data/raw/imgs/urban_flow_plates/9a795bbf4e94d630.jpg,HF5BHXP,85.71
616,HF58HXP,1932-01-01,14:21,76.0,60,AV SIEMPRE VIVA,R02,PAGADA,16.0,13.0,urban_flow/data/raw/imgs/urban_flow_plates/9a795bbf4e94d630.jpg,HF5BHXP,85.71
727,HF58HXP,1932-01-01,08:26,69.0,60,AV LIBERTADOR,R01,IMPAGA,9.0,6.0,urban_flow/data/raw/imgs/urban_flow_plates/9a795bbf4e94d630.jpg,HF5BHXP,85.71
783,HF58HXP,1932-01-01,08:29,90.0,60,AV SIEMPRE VIVA,R01,PAGADA,30.0,27.0,urban_flow/data/raw/imgs/urban_flow_plates/9a795bbf4e94d630.jpg,HF5BHXP,85.71
827,HF58HXP,1932-01-01,18:38,153.0,80,RUTA 9,R03,IMPAGA,73.0,69.0,urban_flow/data/raw/imgs/urban_flow_plates/9a795bbf4e94d630.jpg,HF5BHXP,85.71
1037,HF58HXP,2021-03-22,00:00,91.0,80,RUTA 9,R01,IMPAGA,11.0,7.0,urban_flow/data/raw/imgs/urban_flow_plates/9a795bbf4e94d630.jpg,HF5BHXP,85.71
1254,HF58HXP,1932-01-01,00:00,86.0,80,AV SIEMPRE VIVA,R03,IMPAGA,6.0,2.0,urban_flow/data/raw/imgs/urban_flow_plates/9a795bbf4e94d630.jpg,HF5BHXP,85.71
1466,HF58HXP,1932-01-01,19:03,121.0,80,RUTA 9,,APELADA,41.0,37.0,urban_flow/data/raw/imgs/urban_flow_plates/9a795bbf4e94d630.jpg,HF5BHXP,85.71
1729,HF58HXP,1932-01-01,19:15,97.0,60,RUTA 9,R01,PAGADA,37.0,34.0,urban_flow/data/raw/imgs/urban_flow_plates/9a795bbf4e94d630.jpg,HF5BHXP,85.71
1746,HF58HXP,2023-10-01,00:00,112.0,40,RUTA 9,R03,PAGADA,72.0,70.0,urban_flow/data/raw/imgs/urban_flow_plates/9a795bbf4e94d630.jpg,HF5BHXP,85.71
1914,HF58HXP,1932-01-01,00:00,78.0,40,AV LIBERTADOR,R01,PAGADA,38.0,36.0,urban_flow/data/raw/imgs/urban_flow_plates/9a795bbf4e94d630.jpg,HF5BHXP,85.71
2270,HF58HXP,1932-01-01,19:37,101.0,80,AV SIEMPRE VIVA,,ERROR,21.0,17.0,urban_flow/data/raw/imgs/urban_flow_plates/9a795bbf4e94d630.jpg,HF5BHXP,85.71
2485,HF58HXP,1932-01-01,15:29,86.0,60,RUTA 9,R01,ERROR,26.0,23.0,urban_flow/data/raw/imgs/urban_flow_plates/9a795bbf4e94d630.jpg,HF5BHXP,85.71
2578,HF58HXP,2022-09-29,00:00,134.0,60,AV LIBERTADOR,R02,APELADA,74.0,71.0,urban_flow/data/raw/imgs/urban_flow_plates/9a795bbf4e94d630.jpg,HF5BHXP,85.71
2634,HF58HXP,2023-12-30,19:52,97.0,40,AV SIEMPRE VIVA,R02,PAGADA,57.0,55.0,urban_flow/data/raw/imgs/urban_flow_plates/9a795bbf4e94d630.jpg,HF5BHXP,85.71
2753,HF58HXP,1932-01-01,15:37,103.0,40,RUTA 9,,ERROR,63.0,61.0,urban_flow/data/raw/imgs/urban_flow_plates/9a795bbf4e94d630.jpg,HF5BHXP,85.71
2982,HF58HXP,1932-01-01,10:03,97.0,60,AV LIBERTADOR,,PAGADA,37.0,34.0,urban_flow/data/raw/imgs/urban_flow_plates/9a795bbf4e94d630.jpg,HF5BHXP,85.71
3298,HF58HXP,1932-01-01,20:21,75.0,40,AV SIEMPRE VIVA,R02,IMPAGA,35.0,33.0,urban_flow/data/raw/imgs/urban_flow_plates/9a795bbf4e94d630.jpg,HF5BHXP,85.71
3471,HF58HXP,1932-01-01,16:01,91.0,40,AV SIEMPRE VIVA,R02,IMPAGA,51.0,49.0,urban_flow/data/raw/imgs/urban_flow_plates/9a795bbf4e94d630.jpg,HF5BHXP,85.71
3600,HF58HXP,1932-01-01,16:07,129.0,80,RUTA 9,,APELADA,49.0,45.0,urban_flow/data/raw/imgs/urban_flow_plates/9a795bbf4e94d630.jpg,HF5BHXP,85.71
3660,HF58HXP,1932-01-01,00:00,58.0,40,RUTA 9,R01,IMPAGA,18.0,16.0,urban_flow/data/raw/imgs/urban_flow_plates/9a795bbf4e94d630.jpg,HF5BHXP,85.71
3977,HF58HXP,2020-04-06,00:00,154.0,80,RUTA 9,,ERROR,74.0,70.0,urban_flow/data/raw/imgs/urban_flow_plates/9a795bbf4e94d630.jpg,HF5BHXP,85.71
